{"stats":{"minecraft:dropped":{"biomesoplenty:umbran_planks":2,"minecraft:porkchop":2,"minecraft:cooked_beef":7,"minecraft:oak_log":1,"farmersdelight:pumpkin_slice":4,"minecraft:leather":6,"spelunkery:raw_gold_nugget":2,"minecraft:leather_helmet":1,"sophisticatedbackpacks:gold_backpack":1,"born_in_chaos_v1:monster_flesh":2,"minecraft:dirt":72,"minecraft:jack_o_lantern":1,"irons_spellbooks:arcane_essence":4,"minecraft:wooden_sword":1,"spelunkery:coal_lump":4,"minecraft:iron_pickaxe":1,"minecraft:bone":6,"minecraft:lever":1,"minecraft:wheat":6,"tombstone:gift":2,"minecraft:pointed_dripstone":2,"born_in_chaos_v1:ethereal_spirit":2,"minecraft:rotten_flesh":24,"minecraft:oak_planks":7,"spelunkery:rock_salt":4,"patchouli:guide_book":1,"minecraft:chainmail_chestplate":1,"iter_rpg:abyssquartz_shard":2,"minecraft:poppy":2,"supplementaries:flax_seeds":10,"supplementaries:ash":16,"minecraft:chest":1,"born_in_chaos_v1:diamond_termite_shard":2,"minecraft:beetroot_seeds":1,"born_in_chaos_v1:corpse_maggot":34,"minecraft:leather_boots":3,"apotheosis:gem":4,"spelunkery:rough_lazurite":2,"minecraft:leather_leggings":1,"farmersdelight:rope":14,"minecraft:arrow":3,"minecraft:beef":1,"minecraft:egg":1,"minecraft:enchanted_book":1,"minecraft:water_bucket":1,"minecraft:wheat_seeds":8,"minecraft:dripstone_block":6,"minecraft:feather":13,"biomesoplenty:umbran_door":1,"minecraft:iron_helmet":2,"minecraft:cobblestone":7,"mowziesmobs:umvuthana_mask_fear":1,"minecraft:activator_rail":4,"spelunkery:raw_iron_nugget":26,"minecraft:spruce_stairs":1,"minecraft:chainmail_helmet":1,"spelunkers_charm:deepslate_rock":7,"minecraft:mushroom_stew":1,"minecraft:stick":11,"minecraft:oxeye_daisy":1,"born_in_chaos_v1:fused_bone":2,"tombstone:grave_dust":12,"minecraft:iron_leggings":2,"minecraft:pumpkin":6,"minecraft:wither_rose":2,"minecraft:string":10,"minecraft:iron_shovel":1,"minecraft:chainmail_leggings":1,"minecraft:pink_petals":8,"minecraft:spruce_sapling":9,"minecraft:dandelion":2,"minecraft:redstone":10,"minecraft:anvil":1,"minecraft:moss_carpet":1,"spelunkery:rough_diamond_shard":1,"minecraft:coarse_dirt":12,"minecraft:stone_sword":1,"minecraft:bowl":6,"minecraft:raw_iron":3,"minecraft:stripped_oak_log":1,"upgrade_aquatic:flowering_rush":1,"born_in_chaos_v1:spiritual_dust":1,"spelunkery:raw_magnetite_nugget":6,"minecraft:spruce_fence":1,"minecraft:lily_of_the_valley":2,"call_of_yucutan:wooden_tecpatl":2,"mowziesmobs:umvuthana_mask_misery":1,"minecraft:bundle":1,"spelunkery:rough_lazurite_shard":4,"minecraft:andesite":9,"minecraft:oak_sapling":3,"create:hand_crank":1,"minecraft:stone_bricks":1,"tombstone:essence_of_undeath":2,"minecraft:wooden_pickaxe":1,"minecraft:magma_block":1},"minecraft:killed":{"minecraft:cave_spider":2,"minecraft:witch":2,"born_in_chaos_v1:zombie_lumberjack":1,"born_in_chaos_v1:restless_spirit":3,"born_in_chaos_v1:door_knight_not_despawn":2,"minecraft:spider":7,"born_in_chaos_v1:baby_skeleton_minion":3,"creeperoverhaul:dripstone_creeper":1,"minecraft:skeleton":14,"minecraft:skeleton_horse":1,"born_in_chaos_v1:bonescaller":2,"born_in_chaos_v1:diamond_termite":3,"iter_rpg:spiderling":4,"minecraft:creeper":1,"minecraft:sheep":1,"minecraft:zombie":17,"born_in_chaos_v1:corpse_fly":9,"alexsmobs:fly":1,"minecraft:cow":9,"minecraft:slime":5,"born_in_chaos_v1:maggot":10,"mowziesmobs:umvuthana":9,"born_in_chaos_v1:spiritof_chaos":1,"minecraft:husk":8,"born_in_chaos_v1:swarmer":1,"born_in_chaos_v1:decrepit_skeleton":9,"born_in_chaos_v1:bloody_gadfly":1,"iter_rpg:giant_spider":1,"born_in_chaos_v1:decaying_zombie_not_despawn":2},"minecraft:used":{"alexsmobs:large_catfish_bucket":3,"minecraft:iron_shovel":354,"minecraft:iron_sword":140,"paraglider:goddess_statue":1,"mowziesmobs:umvuthana_mask_bliss":1,"minecraft:glass":42,"call_of_yucutan:wooden_tecpatl":13,"quark:deepslate_furnace":1,"minecraft:grass_block":14,"minecraft:repeater":3,"farmersdelight:cutting_board":1,"minecraft:bow":14,"quark:hollow_cherry_log":3,"minecraft:end_rod":4,"minecraft:oak_planks":32,"minecraft:wooden_pickaxe":7,"minecraft:redstone_block":8,"farmersdelight:pumpkin_slice":5,"create:mechanical_saw":6,"minecraft:mushroom_stew":5,"biomesoplenty:umbran_door":2,"minecraft:redstone_torch":1,"minecraft:sticky_piston":4,"waystones:waystone":2,"minecraft:lever":2,"minecraft:bread":31,"minecraft:deepslate":2,"minecraft:oak_boat":2,"minecraft:coarse_dirt":2,"minecraft:trident":213,"minecraft:stone_sword":116,"mowziesmobs:umvuthana_mask_misery":2,"minecraft:redstone":11,"spelunkery:yellow_glowstick":9,"minecraft:spruce_planks":182,"minecraft:stick":1,"minecraft:torch":5,"minecraft:dirt":217,"minecraft:dark_oak_planks":2,"minecraft:iron_axe":90,"tombstone:gift":2,"minecraft:pumpkin":2,"minecraft:cooked_beef":18,"minecraft:cobbled_deepslate":43,"minecraft:cooked_mutton":4,"minecraft:water_bucket":34,"minecraft:stonecutter":2,"minecraft:sheep_spawn_egg":2,"minecraft:crafting_table":12,"minecraft:red_bed":1,"minecraft:white_bed":1,"minecraft:painting":1,"minecraft:spruce_log":6,"minecraft:cake":1,"minecraft:smoker":4,"minecraft:oak_log":1,"minecraft:iron_pickaxe":585,"minecraft:stone_axe":5,"minecraft:cobblestone":51,"minecraft:cooked_porkchop":3,"minecraft:glass_pane":4,"minecraft:pumpkin_pie":2,"spelunkery:diamond_grindstone":2,"alexsmobs:animal_dictionary":1,"create:hand_crank":3},"minecraft:crafted":{"minecraft:oak_planks":52,"minecraft:stone":3,"quark:deepslate_furnace":1,"minecraft:cooked_mutton":11,"minecraft:smoker":1,"minecraft:deepslate":1,"sophisticatedbackpacks:backpack":1,"minecraft:cooked_porkchop":9,"minecraft:crafting_table":10,"minecraft:spruce_planks":50,"minecraft:wooden_pickaxe":1,"minecraft:polished_deepslate_slab":2,"farmersdelight:cutting_board":1,"minecraft:stick":14,"quark:oak_chest":1,"minecraft:iron_ingot":56,"minecraft:gold_ingot":5,"call_of_yucutan:wooden_tecpatl":2,"minecraft:raw_iron":3,"minecraft:coal":2,"minecraft:furnace":1,"spelunkery:diamond_grindstone":1,"farmersdelight:rice":16,"minecraft:dark_oak_planks":3,"sophisticatedbackpacks:iron_backpack":1,"minecraft:cooked_beef":23,"biomesoplenty:umbran_planks":3,"paraglider:paraglider":1,"sophisticatedbackpacks:gold_backpack":1,"biomesoplenty:umbran_door":1,"minecraft:stone_axe":1,"minecraft:air":468,"minecraft:oak_boat":1,"minecraft:stonecutter":1,"minecraft:acacia_planks":8,"minecraft:torch":4},"minecraft:mined":{"minecraft:spruce_planks":23,"minecraft:white_bed":1,"minecraft:jungle_leaves":4,"minecraft:acacia_log":2,"minecraft:grass_block":300,"minecraft:coal_block":2,"minecraft:oxeye_daisy":1,"minecraft:spawner":9,"minecraft:magma_block":1,"minecraft:fire":2,"minecraft:iron_ore":29,"minecraft:cobbled_deepslate":12,"spelunkery:diamond_grindstone":2,"minecraft:pumpkin":27,"minecraft:moss_carpet":1,"minecraft:fletching_table":1,"minecraft:deepslate_lapis_ore":2,"minecraft:anvil":2,"minecraft:flowering_azalea_leaves":3,"biomesoplenty:webbing":7,"lootr:lootr_chest":1,"minecraft:smoker":8,"minecraft:torch":1,"born_in_chaos_v1:infected_deepslate_diamond_ore":2,"minecraft:blast_furnace":11,"minecraft:calcite":6,"spelunkery:granite_coal_ore":7,"spelunkery:tuff_coal_ore":1,"minecraft:cobblestone":6,"spelunkers_charm:deepslate_geyser":1,"minecraft:oak_planks":1,"minecraft:grindstone":1,"minecraft:wall_torch":6,"minecraft:pink_petals":3,"biomesoplenty:umbran_log":3,"minecraft:wither_rose":4,"minecraft:grass":89,"minecraft:oak_log":27,"minecraft:dirt":102,"minecraft:stonecutter":2,"minecraft:oak_leaves":21,"minecraft:deepslate":99,"minecraft:tuff":1,"minecraft:deepslate_diamond_ore":8,"minecraft:dark_oak_log":3,"minecraft:jack_o_lantern":1,"biomesoplenty:bush":23,"minecraft:spruce_fence":3,"biomesoplenty:dead_grass":1,"spelunkery:rock_salt_block":1,"minecraft:black_stained_glass_pane":2,"iter_rpg:small_vase":1,"biomesoplenty:toadstool":1,"minecraft:andesite":3,"minecraft:deepslate_iron_ore":23,"crittersandcompanions:silk_cocoon":1,"create:copycat_step":1,"minecraft:stone":222,"fastpaintings:painting":1,"spelunkery:yellow_glowstick":3,"minecraft:dandelion":2,"minecraft:smooth_sandstone":1,"minecraft:crafting_table":3,"bakery:wild_strawberries":7,"spelunkery:andesite_iron_ore":9,"spelunkers_charm:dead_grass":5,"spelunkery:mushgloom":1,"minecraft:tall_grass":8,"quark:hollow_cherry_log":3,"minecraft:copper_ore":1,"biomesoplenty:sprout":18,"minecraft:deepslate_gold_ore":1,"supplementaries:urn":7,"create:mechanical_saw":7,"minecraft:spruce_stairs":1,"minecraft:coarse_dirt":14,"iter_rpg:abyss_quartz":3,"spelunkers_charm:deepslate_rock_pile_3":1,"minecraft:spruce_log":28,"quark:deepslate_furnace":1,"minecraft:coal_ore":73,"minecraft:dripstone_block":2,"quark:rusty_iron_plate_stairs":1,"minecraft:cobweb":1,"minecraft:stone_bricks":2,"minecraft:fern":13,"paraglider:goddess_statue":2},"minecraft:broken":{"minecraft:iron_shovel":1},"minecraft:custom":{"lootr:looted_stat":106,"minecraft:interact_with_crafting_table":32,"minecraft:open_barrel":8,"goblintraders:trade_with_goblin":28,"minecraft:bell_ring":4,"minecraft:eat_cake_slice":3,"minecraft:leave_game":4,"minecraft:time_since_death":193167,"minecraft:damage_resisted":77,"minecraft:sprint_one_cm":621596,"minecraft:drop":215,"minecraft:talked_to_villager":3,"minecraft:play_time":303677,"minecraft:deaths":3,"minecraft:jump":3853,"minecraft:walk_on_water_one_cm":16012,"minecraft:interact_with_furnace":5,"minecraft:sleep_in_bed":9,"minecraft:waystone_activated":4,"minecraft:damage_dealt":25129,"minecraft:player_kills":1,"minecraft:crouch_one_cm":2105,"tombstone:undead_killed":60,"minecraft:interact_with_smoker":29,"minecraft:horse_one_cm":5000,"minecraft:interact_with_smithing_table":1,"minecraft:interact_with_anvil":3,"minecraft:mob_kills":134,"minecraft:damage_dealt_resisted":954,"minecraft:climb_one_cm":4579,"minecraft:walk_one_cm":602538,"minecraft:damage_dealt_absorbed":80,"minecraft:sneak_time":1161,"minecraft:walk_under_water_one_cm":2892,"minecraft:interact_with_blast_furnace":5,"minecraft:total_world_time":303677,"tombstone:raider_killed":2,"minecraft:interact_with_grindstone":1,"minecraft:interact_with_stonecutter":1,"minecraft:time_since_rest":54786,"minecraft:damage_taken":4104,"minecraft:damage_absorbed":16,"minecraft:trigger_trapped_chest":1,"tombstone:cast_on_ally":0,"minecraft:swim_one_cm":12270,"minecraft:fly_one_cm":797647,"minecraft:open_chest":6,"minecraft:fall_one_cm":94855},"minecraft:picked_up":{"call_of_yucutan:wooden_tecpatl":1,"minecraft:iron_chestplate":1,"minecraft:wheat":3,"minecraft:anvil":2,"minecraft:lead":1,"farmersdelight:rice_panicle":16,"minecraft:wither_rose":4,"minecraft:enchanted_book":1,"paraglider:goddess_statue":2,"minecraft:string":14,"minecraft:raw_copper":2,"minecraft:iron_leggings":2,"minecraft:activator_rail":4,"minecraft:cobbled_deepslate":115,"minecraft:spruce_planks":16,"minecraft:calcite":6,"minecraft:iron_pickaxe":1,"minecraft:coal_block":2,"minecraft:stick":13,"apotheosis:gem":4,"minecraft:torch":15,"minecraft:acacia_log":2,"minecraft:spruce_stairs":1,"minecraft:porkchop":1,"tombstone:grave_dust":13,"minecraft:pointed_dripstone":2,"minecraft:stone_sword":1,"minecraft:rotten_flesh":23,"quark:hollow_cherry_log":3,"spelunkery:yellow_glowstick":7,"farmersdelight:rope":14,"supplementaries:ash":16,"minecraft:cobblestone":224,"minecraft:pink_petals":8,"born_in_chaos_v1:staffof_magic_arrows":1,"minecraft:magma_block":1,"minecraft:feather":22,"minecraft:cooked_beef":8,"born_in_chaos_v1:spiritual_dust":1,"minecraft:andesite":9,"minecraft:smoker":7,"paraglider:spirit_orb":16,"upgrade_aquatic:flowering_rush":1,"supplementaries:flax_seeds":10,"minecraft:dirt":370,"minecraft:leather_boots":2,"minecraft:bone":27,"minecraft:stonecutter":2,"minecraft:wheat_seeds":14,"minecraft:raw_gold":5,"farmersdelight:pumpkin_slice":13,"minecraft:grindstone":1,"minecraft:fletching_table":1,"minecraft:glowstone_dust":2,"spelunkery:rock_salt":4,"minecraft:oak_planks":7,"spelunkery:rough_diamond_shard":5,"patchouli:guide_book":1,"sophisticatedbackpacks:iron_backpack":1,"minecraft:lily_of_the_valley":2,"minecraft:dark_oak_log":3,"alexsmobs:animal_dictionary":1,"minecraft:bundle":2,"minecraft:deepslate":1,"spelunkery:rough_lazurite_shard":4,"waystones:waystone":1,"iter_rpg:abyssquartz_shard":2,"minecraft:emerald":6,"alexsmobs:maggot":1,"spelunkery:raw_gold_nugget":2,"minecraft:jack_o_lantern":1,"minecraft:oak_sapling":3,"sophisticatedbackpacks:gold_backpack":1,"minecraft:coarse_dirt":14,"born_in_chaos_v1:diamond_termite_shard":3,"minecraft:crafting_table":3,"minecraft:turtle_helmet":1,"minecraft:wooden_pickaxe":1,"spelunkers_charm:deepslate_rock":8,"minecraft:red_bed":1,"minecraft:moss_carpet":1,"minecraft:wooden_sword":1,"minecraft:iron_shovel":2,"dungeonnowloading:spawner_fragment":39,"minecraft:beef":19,"minecraft:poppy":2,"minecraft:chest":1,"minecraft:egg":1,"minecraft:raw_iron":62,"minecraft:bowl":1,"minecraft:spruce_fence":1,"quark:deepslate_furnace":1,"create:hand_crank":5,"spelunkery:raw_magnetite_nugget":6,"minecraft:redstone":6,"minecraft:arrow":14,"minecraft:beetroot_seeds":1,"spelunkery:coal_lump":4,"crittersandcompanions:silk":3,"mowziesmobs:umvuthana_mask_bliss":1,"tombstone:essence_of_undeath":2,"minecraft:mutton":1,"minecraft:white_wool":1,"minecraft:oxeye_daisy":2,"born_in_chaos_v1:fused_bone":2,"minecraft:stripped_oak_log":1,"born_in_chaos_v1:corpse_maggot":34,"minecraft:leather":11,"minecraft:oak_log":30,"minecraft:gunpowder":2,"minecraft:smooth_sandstone":1,"minecraft:stone_bricks":1,"minecraft:rabbit_hide":1,"spelunkery:rough_lazurite":2,"mowziesmobs:umvuthana_mask_misery":2,"biomesoplenty:umbran_log":3,"create:mechanical_saw":7,"bakery:strawberry":7,"minecraft:pumpkin":28,"born_in_chaos_v1:ethereal_spirit":2,"minecraft:dandelion":2,"minecraft:dripstone_block":6,"minecraft:spruce_sapling":13,"minecraft:blast_furnace":11,"minecraft:spruce_log":50,"spelunkery:diamond_grindstone":2,"spelunkery:rough_diamond":8,"minecraft:iron_helmet":2,"minecraft:painting":2,"spelunkery:raw_iron_nugget":53,"mowziesmobs:umvuthana_mask_fear":1,"tombstone:magic_scroll":1,"minecraft:coal":195},"minecraft:killed_by":{"minecraft:player":1}},"DataVersion":3465}