{"stats":{"minecraft:killed":{"minecraft:cave_spider":2,"minecraft:witch":2,"born_in_chaos_v1:restless_spirit":3,"born_in_chaos_v1:zombie_lumberjack":1,"minecraft:spider":2,"minecraft:slime":5,"born_in_chaos_v1:baby_skeleton_minion":3,"creeperoverhaul:dripstone_creeper":1,"born_in_chaos_v1:maggot":8,"minecraft:skeleton":11,"minecraft:skeleton_horse":1,"born_in_chaos_v1:bonescaller":2,"born_in_chaos_v1:diamond_termite":3,"born_in_chaos_v1:swarmer":1,"born_in_chaos_v1:decrepit_skeleton":5,"minecraft:sheep":1,"born_in_chaos_v1:bloody_gadfly":1,"minecraft:zombie":14,"born_in_chaos_v1:corpse_fly":8,"minecraft:cow":9},"minecraft:killed_by":{"minecraft:player":1},"minecraft:crafted":{"minecraft:oak_planks":44,"call_of_yucutan:wooden_tecpatl":2,"minecraft:coal":2,"minecraft:furnace":1,"farmersdelight:rice":16,"minecraft:dark_oak_planks":3,"minecraft:smoker":1,"sophisticatedbackpacks:iron_backpack":1,"minecraft:cooked_beef":17,"paraglider:paraglider":1,"biomesoplenty:umbran_planks":3,"sophisticatedbackpacks:backpack":1,"minecraft:crafting_table":8,"minecraft:spruce_planks":1,"minecraft:wooden_pickaxe":1,"biomesoplenty:umbran_door":1,"minecraft:stone_axe":1,"minecraft:air":264,"farmersdelight:cutting_board":1,"minecraft:oak_boat":1,"minecraft:stick":14,"quark:oak_chest":1,"minecraft:iron_ingot":56,"minecraft:acacia_planks":8,"minecraft:torch":4},"minecraft:used":{"alexsmobs:large_catfish_bucket":3,"minecraft:trident":143,"minecraft:stone_sword":112,"minecraft:redstone":11,"spelunkery:yellow_glowstick":9,"minecraft:iron_sword":28,"minecraft:stick":1,"minecraft:torch":5,"minecraft:dirt":43,"minecraft:glass":42,"minecraft:dark_oak_planks":2,"call_of_yucutan:wooden_tecpatl":13,"minecraft:grass_block":14,"minecraft:repeater":3,"farmersdelight:cutting_board":1,"tombstone:gift":2,"minecraft:cooked_beef":18,"minecraft:cobbled_deepslate":13,"quark:hollow_cherry_log":3,"minecraft:water_bucket":34,"minecraft:end_rod":4,"minecraft:oak_planks":27,"minecraft:wooden_pickaxe":7,"minecraft:redstone_block":8,"farmersdelight:pumpkin_slice":5,"minecraft:sheep_spawn_egg":2,"create:mechanical_saw":1,"minecraft:crafting_table":9,"biomesoplenty:umbran_door":2,"minecraft:sticky_piston":4,"minecraft:smoker":2,"minecraft:redstone_torch":1,"waystones:waystone":1,"minecraft:lever":2,"minecraft:bread":24,"minecraft:iron_pickaxe":401,"minecraft:deepslate":1,"minecraft:stone_axe":5,"minecraft:cobblestone":51,"minecraft:glass_pane":4,"minecraft:oak_boat":2,"alexsmobs:animal_dictionary":1,"create:hand_crank":1,"minecraft:coarse_dirt":2},"minecraft:picked_up":{"call_of_yucutan:wooden_tecpatl":1,"born_in_chaos_v1:diamond_termite_shard":3,"minecraft:crafting_table":1,"minecraft:iron_chestplate":1,"minecraft:coarse_dirt":14,"minecraft:wheat":3,"minecraft:anvil":1,"minecraft:turtle_helmet":1,"farmersdelight:rice_panicle":16,"minecraft:wooden_pickaxe":1,"spelunkers_charm:deepslate_rock":8,"minecraft:wither_rose":4,"minecraft:enchanted_book":1,"minecraft:string":13,"minecraft:moss_carpet":1,"minecraft:raw_copper":2,"minecraft:wooden_sword":1,"minecraft:iron_leggings":1,"minecraft:iron_shovel":1,"minecraft:activator_rail":4,"minecraft:cobbled_deepslate":111,"minecraft:beef":19,"minecraft:iron_pickaxe":1,"minecraft:coal_block":2,"minecraft:egg":1,"minecraft:raw_iron":62,"minecraft:stick":8,"apotheosis:gem":3,"minecraft:acacia_log":2,"minecraft:torch":13,"minecraft:porkchop":1,"create:hand_crank":3,"minecraft:pointed_dripstone":2,"tombstone:grave_dust":11,"spelunkery:raw_magnetite_nugget":6,"minecraft:redstone":6,"minecraft:stone_sword":1,"minecraft:arrow":10,"minecraft:rotten_flesh":11,"minecraft:beetroot_seeds":1,"spelunkery:coal_lump":4,"quark:hollow_cherry_log":3,"spelunkery:yellow_glowstick":7,"farmersdelight:rope":14,"tombstone:essence_of_undeath":2,"supplementaries:ash":16,"minecraft:mutton":1,"minecraft:white_wool":1,"minecraft:cobblestone":99,"born_in_chaos_v1:fused_bone":2,"minecraft:pink_petals":8,"minecraft:stripped_oak_log":1,"born_in_chaos_v1:corpse_maggot":33,"born_in_chaos_v1:staffof_magic_arrows":1,"minecraft:magma_block":1,"minecraft:feather":4,"minecraft:cooked_beef":8,"born_in_chaos_v1:spiritual_dust":1,"minecraft:andesite":9,"minecraft:leather":11,"minecraft:smoker":2,"minecraft:oak_log":22,"upgrade_aquatic:flowering_rush":1,"supplementaries:flax_seeds":10,"minecraft:dirt":75,"minecraft:leather_boots":2,"minecraft:bone":17,"minecraft:stone_bricks":1,"minecraft:wheat_seeds":14,"farmersdelight:pumpkin_slice":13,"minecraft:raw_gold":5,"spelunkery:rough_lazurite":2,"minecraft:glowstone_dust":2,"spelunkery:rock_salt":4,"minecraft:oak_planks":6,"biomesoplenty:umbran_log":3,"create:mechanical_saw":2,"spelunkery:rough_diamond_shard":5,"minecraft:pumpkin":11,"patchouli:guide_book":1,"born_in_chaos_v1:ethereal_spirit":1,"minecraft:dripstone_block":6,"sophisticatedbackpacks:iron_backpack":1,"minecraft:spruce_log":1,"minecraft:dark_oak_log":3,"alexsmobs:animal_dictionary":1,"minecraft:bundle":1,"minecraft:deepslate":1,"spelunkery:rough_lazurite_shard":4,"spelunkery:rough_diamond":8,"iter_rpg:abyssquartz_shard":2,"minecraft:iron_helmet":2,"spelunkery:raw_iron_nugget":53,"minecraft:emerald":6,"spelunkery:raw_gold_nugget":2,"minecraft:jack_o_lantern":1,"minecraft:coal":79},"minecraft:mined":{"minecraft:tuff":1,"minecraft:deepslate_diamond_ore":8,"minecraft:jungle_leaves":4,"minecraft:dark_oak_log":3,"minecraft:jack_o_lantern":1,"biomesoplenty:bush":2,"minecraft:acacia_log":2,"minecraft:spruce_fence":1,"minecraft:grass_block":16,"minecraft:coal_block":2,"biomesoplenty:dead_grass":1,"spelunkery:rock_salt_block":1,"minecraft:magma_block":1,"iter_rpg:small_vase":1,"biomesoplenty:toadstool":1,"minecraft:iron_ore":29,"minecraft:cobbled_deepslate":7,"minecraft:andesite":3,"minecraft:moss_carpet":1,"minecraft:pumpkin":10,"minecraft:deepslate_lapis_ore":2,"minecraft:anvil":1,"minecraft:flowering_azalea_leaves":3,"minecraft:deepslate_iron_ore":23,"biomesoplenty:webbing":7,"create:copycat_step":1,"minecraft:stone":95,"spelunkery:yellow_glowstick":3,"minecraft:smoker":2,"minecraft:crafting_table":1,"born_in_chaos_v1:infected_deepslate_diamond_ore":2,"minecraft:torch":1,"spelunkery:andesite_iron_ore":9,"spelunkers_charm:dead_grass":5,"spelunkery:granite_coal_ore":7,"spelunkery:tuff_coal_ore":1,"spelunkery:mushgloom":1,"quark:hollow_cherry_log":3,"minecraft:tall_grass":8,"minecraft:copper_ore":1,"minecraft:cobblestone":6,"spelunkers_charm:deepslate_geyser":1,"biomesoplenty:sprout":18,"minecraft:deepslate_gold_ore":1,"minecraft:wall_torch":4,"supplementaries:urn":7,"minecraft:pink_petals":3,"create:mechanical_saw":2,"minecraft:coarse_dirt":14,"iter_rpg:abyss_quartz":3,"spelunkers_charm:deepslate_rock_pile_3":1,"minecraft:spruce_log":1,"biomesoplenty:umbran_log":3,"minecraft:wither_rose":4,"minecraft:grass":47,"minecraft:oak_log":19,"minecraft:coal_ore":73,"minecraft:dripstone_block":2,"minecraft:dirt":28,"quark:rusty_iron_plate_stairs":1,"minecraft:cobweb":1,"minecraft:stone_bricks":2,"minecraft:oak_leaves":15,"minecraft:deepslate":99,"minecraft:fern":13},"minecraft:dropped":{"biomesoplenty:umbran_planks":2,"minecraft:water_bucket":1,"minecraft:porkchop":2,"minecraft:wheat_seeds":8,"minecraft:cooked_beef":7,"farmersdelight:pumpkin_slice":4,"minecraft:dripstone_block":6,"minecraft:feather":4,"biomesoplenty:umbran_door":1,"minecraft:iron_helmet":2,"minecraft:leather":2,"spelunkery:raw_gold_nugget":2,"minecraft:activator_rail":4,"spelunkery:raw_iron_nugget":24,"minecraft:chainmail_helmet":1,"minecraft:leather_helmet":1,"spelunkers_charm:deepslate_rock":5,"minecraft:stick":8,"minecraft:dirt":65,"born_in_chaos_v1:fused_bone":2,"minecraft:jack_o_lantern":1,"tombstone:grave_dust":10,"spelunkery:coal_lump":4,"minecraft:iron_leggings":1,"irons_spellbooks:arcane_essence":4,"minecraft:wooden_sword":1,"minecraft:pumpkin":6,"minecraft:wither_rose":2,"minecraft:iron_pickaxe":1,"minecraft:string":4,"minecraft:pink_petals":8,"minecraft:bone":5,"minecraft:redstone":10,"minecraft:anvil":1,"minecraft:moss_carpet":1,"spelunkery:rough_diamond_shard":1,"minecraft:lever":1,"minecraft:coarse_dirt":12,"minecraft:wheat":6,"minecraft:raw_iron":3,"tombstone:gift":1,"minecraft:pointed_dripstone":2,"born_in_chaos_v1:ethereal_spirit":1,"minecraft:rotten_flesh":12,"minecraft:oak_planks":7,"minecraft:stripped_oak_log":1,"born_in_chaos_v1:spiritual_dust":1,"upgrade_aquatic:flowering_rush":1,"spelunkery:raw_magnetite_nugget":6,"spelunkery:rock_salt":4,"patchouli:guide_book":1,"supplementaries:flax_seeds":10,"supplementaries:ash":16,"call_of_yucutan:wooden_tecpatl":2,"born_in_chaos_v1:diamond_termite_shard":2,"spelunkery:rough_lazurite_shard":4,"create:hand_crank":1,"minecraft:beetroot_seeds":1,"born_in_chaos_v1:corpse_maggot":33,"minecraft:andesite":9,"minecraft:leather_boots":3,"apotheosis:gem":4,"spelunkery:rough_lazurite":2,"farmersdelight:rope":14,"minecraft:leather_leggings":1,"minecraft:stone_bricks":1,"tombstone:essence_of_undeath":2,"minecraft:arrow":3,"minecraft:beef":1,"minecraft:wooden_pickaxe":1,"minecraft:magma_block":1,"minecraft:egg":1},"minecraft:custom":{"lootr:looted_stat":44,"minecraft:interact_with_anvil":3,"minecraft:mob_kills":87,"minecraft:interact_with_crafting_table":22,"goblintraders:trade_with_goblin":28,"minecraft:bell_ring":3,"minecraft:damage_dealt_resisted":597,"minecraft:leave_game":3,"minecraft:time_since_death":81865,"minecraft:damage_resisted":0,"minecraft:climb_one_cm":3940,"minecraft:sprint_one_cm":341032,"minecraft:walk_one_cm":314165,"minecraft:drop":164,"minecraft:damage_dealt_absorbed":80,"minecraft:talked_to_villager":1,"minecraft:play_time":192375,"minecraft:deaths":3,"minecraft:sneak_time":663,"minecraft:walk_under_water_one_cm":1739,"minecraft:jump":2637,"minecraft:walk_on_water_one_cm":7415,"minecraft:total_world_time":192375,"tombstone:raider_killed":2,"minecraft:sleep_in_bed":5,"minecraft:time_since_rest":63105,"minecraft:waystone_activated":3,"minecraft:damage_taken":3169,"minecraft:damage_absorbed":16,"minecraft:trigger_trapped_chest":1,"minecraft:damage_dealt":15979,"tombstone:cast_on_ally":0,"minecraft:swim_one_cm":2933,"minecraft:fly_one_cm":485634,"minecraft:player_kills":1,"minecraft:open_chest":6,"minecraft:crouch_one_cm":876,"tombstone:undead_killed":38,"minecraft:interact_with_smoker":10,"minecraft:fall_one_cm":69851}},"DataVersion":3465}