{"stats":{"minecraft:killed":{"minecraft:cave_spider":2,"minecraft:witch":2,"born_in_chaos_v1:zombie_lumberjack":1,"born_in_chaos_v1:restless_spirit":3,"born_in_chaos_v1:door_knight_not_despawn":1,"minecraft:spider":2,"born_in_chaos_v1:baby_skeleton_minion":3,"creeperoverhaul:dripstone_creeper":1,"minecraft:skeleton":11,"minecraft:skeleton_horse":1,"born_in_chaos_v1:bonescaller":2,"born_in_chaos_v1:diamond_termite":3,"minecraft:sheep":1,"minecraft:zombie":14,"born_in_chaos_v1:corpse_fly":9,"minecraft:cow":9,"minecraft:slime":5,"born_in_chaos_v1:maggot":8,"mowziesmobs:umvuthana":1,"born_in_chaos_v1:swarmer":1,"born_in_chaos_v1:decrepit_skeleton":7,"born_in_chaos_v1:bloody_gadfly":1,"born_in_chaos_v1:decaying_zombie_not_despawn":2},"minecraft:killed_by":{"minecraft:player":1},"minecraft:crafted":{"minecraft:oak_planks":52,"minecraft:cooked_mutton":11,"minecraft:smoker":1,"sophisticatedbackpacks:backpack":1,"minecraft:cooked_porkchop":9,"minecraft:crafting_table":9,"minecraft:spruce_planks":1,"minecraft:wooden_pickaxe":1,"farmersdelight:cutting_board":1,"quark:oak_chest":1,"minecraft:stick":14,"minecraft:iron_ingot":56,"minecraft:gold_ingot":5,"call_of_yucutan:wooden_tecpatl":2,"minecraft:coal":2,"minecraft:furnace":1,"farmersdelight:rice":16,"minecraft:dark_oak_planks":3,"sophisticatedbackpacks:iron_backpack":1,"minecraft:cooked_beef":23,"biomesoplenty:umbran_planks":3,"paraglider:paraglider":1,"sophisticatedbackpacks:gold_backpack":1,"biomesoplenty:umbran_door":1,"minecraft:stone_axe":1,"minecraft:air":298,"minecraft:oak_boat":1,"minecraft:acacia_planks":8,"minecraft:torch":4},"minecraft:used":{"alexsmobs:large_catfish_bucket":3,"minecraft:iron_sword":28,"minecraft:glass":42,"call_of_yucutan:wooden_tecpatl":13,"minecraft:grass_block":14,"minecraft:repeater":3,"farmersdelight:cutting_board":1,"minecraft:bow":1,"quark:hollow_cherry_log":3,"minecraft:end_rod":4,"minecraft:oak_planks":27,"minecraft:wooden_pickaxe":7,"minecraft:redstone_block":8,"farmersdelight:pumpkin_slice":5,"create:mechanical_saw":1,"biomesoplenty:umbran_door":2,"minecraft:redstone_torch":1,"minecraft:sticky_piston":4,"waystones:waystone":2,"minecraft:lever":2,"minecraft:bread":28,"minecraft:deepslate":1,"minecraft:oak_boat":2,"minecraft:coarse_dirt":2,"minecraft:trident":154,"minecraft:stone_sword":116,"mowziesmobs:umvuthana_mask_misery":1,"minecraft:redstone":11,"spelunkery:yellow_glowstick":9,"minecraft:stick":1,"minecraft:torch":5,"minecraft:dirt":43,"minecraft:dark_oak_planks":2,"minecraft:iron_axe":17,"tombstone:gift":2,"minecraft:cooked_beef":18,"minecraft:cobbled_deepslate":13,"minecraft:water_bucket":34,"minecraft:sheep_spawn_egg":2,"minecraft:crafting_table":11,"minecraft:smoker":2,"minecraft:iron_pickaxe":417,"minecraft:stone_axe":5,"minecraft:cobblestone":51,"minecraft:glass_pane":4,"alexsmobs:animal_dictionary":1,"create:hand_crank":1},"minecraft:picked_up":{"call_of_yucutan:wooden_tecpatl":1,"minecraft:iron_chestplate":1,"minecraft:wheat":3,"minecraft:anvil":2,"minecraft:lead":1,"farmersdelight:rice_panicle":16,"minecraft:wither_rose":4,"minecraft:enchanted_book":1,"paraglider:goddess_statue":1,"minecraft:string":13,"minecraft:raw_copper":2,"minecraft:iron_leggings":1,"minecraft:activator_rail":4,"minecraft:cobbled_deepslate":111,"minecraft:iron_pickaxe":1,"minecraft:coal_block":2,"minecraft:stick":11,"apotheosis:gem":3,"minecraft:torch":14,"minecraft:acacia_log":2,"minecraft:spruce_stairs":1,"minecraft:porkchop":1,"tombstone:grave_dust":13,"minecraft:pointed_dripstone":2,"minecraft:stone_sword":1,"minecraft:rotten_flesh":15,"quark:hollow_cherry_log":3,"spelunkery:yellow_glowstick":7,"farmersdelight:rope":14,"supplementaries:ash":16,"minecraft:cobblestone":99,"born_in_chaos_v1:staffof_magic_arrows":1,"minecraft:pink_petals":8,"minecraft:magma_block":1,"minecraft:feather":5,"minecraft:cooked_beef":8,"born_in_chaos_v1:spiritual_dust":1,"minecraft:andesite":9,"minecraft:smoker":6,"paraglider:spirit_orb":4,"upgrade_aquatic:flowering_rush":1,"supplementaries:flax_seeds":10,"minecraft:dirt":75,"minecraft:leather_boots":2,"minecraft:bone":20,"minecraft:wheat_seeds":14,"minecraft:raw_gold":5,"farmersdelight:pumpkin_slice":13,"minecraft:grindstone":1,"minecraft:fletching_table":1,"minecraft:glowstone_dust":2,"spelunkery:rock_salt":4,"minecraft:oak_planks":6,"spelunkery:rough_diamond_shard":5,"patchouli:guide_book":1,"sophisticatedbackpacks:iron_backpack":1,"minecraft:dark_oak_log":3,"alexsmobs:animal_dictionary":1,"minecraft:bundle":1,"spelunkery:rough_lazurite_shard":4,"minecraft:deepslate":1,"waystones:waystone":1,"iter_rpg:abyssquartz_shard":2,"minecraft:emerald":6,"spelunkery:raw_gold_nugget":2,"minecraft:jack_o_lantern":1,"minecraft:oak_sapling":2,"minecraft:coarse_dirt":14,"minecraft:crafting_table":2,"born_in_chaos_v1:diamond_termite_shard":3,"minecraft:turtle_helmet":1,"minecraft:wooden_pickaxe":1,"spelunkers_charm:deepslate_rock":8,"minecraft:moss_carpet":1,"minecraft:wooden_sword":1,"minecraft:iron_shovel":2,"dungeonnowloading:spawner_fragment":11,"minecraft:beef":19,"minecraft:chest":1,"minecraft:egg":1,"minecraft:raw_iron":62,"minecraft:spruce_fence":1,"create:hand_crank":3,"spelunkery:raw_magnetite_nugget":6,"minecraft:redstone":6,"minecraft:arrow":10,"minecraft:beetroot_seeds":1,"spelunkery:coal_lump":4,"tombstone:essence_of_undeath":2,"minecraft:mutton":1,"minecraft:white_wool":1,"born_in_chaos_v1:fused_bone":2,"minecraft:stripped_oak_log":1,"born_in_chaos_v1:corpse_maggot":34,"minecraft:leather":11,"minecraft:oak_log":28,"minecraft:stone_bricks":1,"spelunkery:rough_lazurite":2,"mowziesmobs:umvuthana_mask_misery":1,"biomesoplenty:umbran_log":3,"create:mechanical_saw":2,"minecraft:pumpkin":11,"born_in_chaos_v1:ethereal_spirit":1,"minecraft:dripstone_block":6,"minecraft:blast_furnace":4,"minecraft:spruce_log":1,"spelunkery:rough_diamond":8,"minecraft:iron_helmet":2,"spelunkery:raw_iron_nugget":53,"minecraft:coal":158},"minecraft:mined":{"minecraft:jungle_leaves":4,"minecraft:acacia_log":2,"minecraft:grass_block":16,"minecraft:coal_block":2,"minecraft:spawner":3,"minecraft:magma_block":1,"minecraft:iron_ore":29,"minecraft:cobbled_deepslate":7,"minecraft:pumpkin":10,"minecraft:moss_carpet":1,"minecraft:fletching_table":1,"minecraft:anvil":2,"minecraft:deepslate_lapis_ore":2,"minecraft:flowering_azalea_leaves":3,"biomesoplenty:webbing":7,"lootr:lootr_chest":1,"minecraft:smoker":6,"minecraft:torch":1,"born_in_chaos_v1:infected_deepslate_diamond_ore":2,"minecraft:blast_furnace":4,"spelunkery:granite_coal_ore":7,"spelunkery:tuff_coal_ore":1,"minecraft:cobblestone":6,"spelunkers_charm:deepslate_geyser":1,"minecraft:grindstone":1,"minecraft:wall_torch":5,"minecraft:pink_petals":3,"biomesoplenty:umbran_log":3,"minecraft:wither_rose":4,"minecraft:grass":52,"minecraft:oak_log":25,"minecraft:dirt":28,"minecraft:oak_leaves":17,"minecraft:deepslate":99,"minecraft:tuff":1,"minecraft:deepslate_diamond_ore":8,"minecraft:dark_oak_log":3,"minecraft:jack_o_lantern":1,"biomesoplenty:bush":2,"minecraft:spruce_fence":2,"biomesoplenty:dead_grass":1,"spelunkery:rock_salt_block":1,"iter_rpg:small_vase":1,"biomesoplenty:toadstool":1,"minecraft:andesite":3,"minecraft:deepslate_iron_ore":23,"create:copycat_step":1,"minecraft:stone":95,"spelunkery:yellow_glowstick":3,"minecraft:crafting_table":2,"spelunkery:andesite_iron_ore":9,"spelunkers_charm:dead_grass":5,"spelunkery:mushgloom":1,"minecraft:copper_ore":1,"quark:hollow_cherry_log":3,"minecraft:tall_grass":8,"minecraft:deepslate_gold_ore":1,"biomesoplenty:sprout":18,"supplementaries:urn":7,"create:mechanical_saw":2,"minecraft:spruce_stairs":1,"minecraft:coarse_dirt":14,"spelunkers_charm:deepslate_rock_pile_3":1,"iter_rpg:abyss_quartz":3,"minecraft:spruce_log":2,"minecraft:coal_ore":73,"minecraft:dripstone_block":2,"quark:rusty_iron_plate_stairs":1,"minecraft:cobweb":1,"minecraft:stone_bricks":2,"minecraft:fern":13,"paraglider:goddess_statue":1},"minecraft:dropped":{"biomesoplenty:umbran_planks":2,"minecraft:porkchop":2,"minecraft:cooked_beef":7,"minecraft:oak_log":1,"farmersdelight:pumpkin_slice":4,"minecraft:leather":6,"spelunkery:raw_gold_nugget":2,"minecraft:leather_helmet":1,"born_in_chaos_v1:monster_flesh":2,"minecraft:dirt":65,"minecraft:jack_o_lantern":1,"irons_spellbooks:arcane_essence":4,"minecraft:wooden_sword":1,"spelunkery:coal_lump":4,"minecraft:iron_pickaxe":1,"minecraft:bone":5,"minecraft:lever":1,"minecraft:wheat":6,"born_in_chaos_v1:ethereal_spirit":1,"minecraft:pointed_dripstone":2,"tombstone:gift":1,"minecraft:rotten_flesh":16,"minecraft:oak_planks":7,"patchouli:guide_book":1,"spelunkery:rock_salt":4,"minecraft:chainmail_chestplate":1,"iter_rpg:abyssquartz_shard":2,"supplementaries:flax_seeds":10,"supplementaries:ash":16,"minecraft:chest":1,"minecraft:beetroot_seeds":1,"born_in_chaos_v1:corpse_maggot":34,"apotheosis:gem":4,"minecraft:leather_boots":3,"born_in_chaos_v1:diamond_termite_shard":2,"minecraft:leather_leggings":1,"farmersdelight:rope":14,"spelunkery:rough_lazurite":2,"minecraft:arrow":3,"minecraft:beef":1,"minecraft:egg":1,"minecraft:water_bucket":1,"minecraft:wheat_seeds":8,"minecraft:dripstone_block":6,"minecraft:iron_helmet":2,"biomesoplenty:umbran_door":1,"minecraft:feather":4,"minecraft:cobblestone":7,"minecraft:activator_rail":4,"spelunkery:raw_iron_nugget":24,"minecraft:spruce_stairs":1,"minecraft:chainmail_helmet":1,"spelunkers_charm:deepslate_rock":5,"minecraft:stick":8,"born_in_chaos_v1:fused_bone":2,"tombstone:grave_dust":12,"minecraft:iron_leggings":1,"minecraft:wither_rose":2,"minecraft:pumpkin":6,"minecraft:chainmail_leggings":1,"minecraft:iron_shovel":1,"minecraft:string":9,"minecraft:pink_petals":8,"minecraft:redstone":10,"minecraft:anvil":1,"minecraft:moss_carpet":1,"spelunkery:rough_diamond_shard":1,"minecraft:coarse_dirt":12,"minecraft:stone_sword":1,"minecraft:raw_iron":3,"minecraft:stripped_oak_log":1,"born_in_chaos_v1:spiritual_dust":1,"upgrade_aquatic:flowering_rush":1,"spelunkery:raw_magnetite_nugget":6,"minecraft:spruce_fence":1,"call_of_yucutan:wooden_tecpatl":2,"spelunkery:rough_lazurite_shard":4,"minecraft:andesite":9,"minecraft:oak_sapling":2,"create:hand_crank":1,"minecraft:stone_bricks":1,"tombstone:essence_of_undeath":2,"minecraft:wooden_pickaxe":1,"minecraft:magma_block":1},"minecraft:custom":{"lootr:looted_stat":88,"minecraft:interact_with_crafting_table":26,"minecraft:open_barrel":4,"goblintraders:trade_with_goblin":28,"minecraft:bell_ring":4,"minecraft:leave_game":3,"minecraft:time_since_death":105865,"minecraft:damage_resisted":0,"minecraft:sprint_one_cm":434406,"minecraft:drop":181,"minecraft:talked_to_villager":3,"minecraft:play_time":216375,"minecraft:deaths":3,"minecraft:jump":2944,"minecraft:walk_on_water_one_cm":9634,"minecraft:sleep_in_bed":6,"minecraft:waystone_activated":4,"minecraft:damage_dealt":17322,"minecraft:player_kills":1,"minecraft:crouch_one_cm":889,"tombstone:undead_killed":43,"minecraft:interact_with_smoker":29,"minecraft:horse_one_cm":5000,"minecraft:interact_with_smithing_table":1,"minecraft:mob_kills":94,"minecraft:interact_with_anvil":3,"minecraft:damage_dealt_resisted":629,"minecraft:climb_one_cm":3940,"minecraft:walk_one_cm":362210,"minecraft:damage_dealt_absorbed":80,"minecraft:sneak_time":711,"minecraft:walk_under_water_one_cm":2043,"minecraft:interact_with_blast_furnace":4,"minecraft:total_world_time":216375,"tombstone:raider_killed":2,"minecraft:time_since_rest":10919,"minecraft:damage_taken":3190,"minecraft:damage_absorbed":16,"minecraft:trigger_trapped_chest":1,"tombstone:cast_on_ally":0,"minecraft:swim_one_cm":4197,"minecraft:fly_one_cm":583106,"minecraft:open_chest":6,"minecraft:fall_one_cm":76672}},"DataVersion":3465}