{"stats":{"minecraft:custom":{"minecraft:time_since_rest":8716,"minecraft:open_chest":1,"minecraft:play_time":8716,"minecraft:sprint_one_cm":10373,"minecraft:damage_taken":100,"minecraft:walk_one_cm":8169,"minecraft:mob_kills":11,"minecraft:jump":110,"minecraft:damage_dealt":1205,"minecraft:leave_game":1,"minecraft:time_since_death":8716,"minecraft:total_world_time":8716,"minecraft:climb_one_cm":105,"minecraft:talked_to_villager":10,"minecraft:fall_one_cm":2926,"minecraft:fly_one_cm":29320},"minecraft:picked_up":{"minecraft:rotten_flesh":6,"minecraft:jungle_log":2,"minecraft:leather":2,"minecraft:gravel":9,"minecraft:beef":1,"minecraft:oak_log":1},"minecraft:used":{"minecraft:trident":28,"minecraft:villager_spawn_egg":6,"minecraft:golden_axe":16},"minecraft:killed":{"minecraft:zombie":4,"minecraft:villager":4,"minecraft:creeper":1,"minecraft:cow":2},"minecraft:crafted":{"minecraft:jungle_planks":8},"minecraft:mined":{"minecraft:grass":4,"minecraft:oak_log":1,"minecraft:jungle_log":2,"minecraft:gravel":9}},"DataVersion":3465}