{"stats":{"minecraft:used":{"minecraft:jack_o_lantern":1,"minecraft:shield":4,"minecraft:iron_sword":148,"call_of_yucutan:wooden_spear":32,"lootr:trophy":1,"paraglider:goddess_statue":3,"minecraft:carrot":6,"minecraft:glass":1,"call_of_yucutan:wooden_tecpatl":12,"minecraft:egg":1,"minecraft:ender_pearl":2,"minecraft:wooden_pickaxe":1,"farmersdelight:pumpkin_slice":7,"minecraft:crossbow":28,"spelunkery:mineomite":2,"minecraft:bread":150,"minecraft:wooden_sword":10,"minecraft:trident":518,"spelunkery:yellow_glowstick":2,"minecraft:stick":2,"minecraft:torch":26,"minecraft:anvil":1,"minecraft:dark_oak_planks":1,"minecraft:iron_axe":108,"tombstone:gift":8,"minecraft:pumpkin":2,"sophisticatedbackpacks:gold_backpack":1,"minecraft:baked_potato":1,"minecraft:crafting_table":3,"minecraft:red_bed":1,"minecraft:white_bed":5,"farmersdelight:minced_beef":1,"tombstone:bag_of_seeds":2,"minecraft:iron_pickaxe":162,"minecraft:enchanted_book":5,"minecraft:cobblestone":2,"quark:spruce_ladder":1,"alexsmobs:animal_dictionary":1},"minecraft:custom":{"lootr:looted_stat":224,"minecraft:interact_with_crafting_table":39,"minecraft:open_barrel":64,"minecraft:bell_ring":1,"minecraft:leave_game":8,"minecraft:time_since_death":61647,"minecraft:damage_resisted":381,"minecraft:sprint_one_cm":594287,"minecraft:damage_blocked_by_shield":152,"minecraft:drop":61,"minecraft:talked_to_villager":3,"minecraft:play_time":337622,"minecraft:deaths":3,"tombstone:tomb_raiding":1,"minecraft:jump":6617,"minecraft:interact_with_brewingstand":1,"minecraft:walk_on_water_one_cm":39566,"minecraft:interact_with_furnace":9,"minecraft:traded_with_villager":1,"minecraft:sleep_in_bed":9,"minecraft:waystone_activated":1,"minecraft:damage_dealt":17527,"minecraft:player_kills":1,"minecraft:crouch_one_cm":2051,"tombstone:undead_killed":35,"minecraft:horse_one_cm":1661,"minecraft:interact_with_smithing_table":1,"minecraft:mob_kills":102,"minecraft:damage_dealt_resisted":461,"minecraft:climb_one_cm":35686,"minecraft:walk_one_cm":986916,"minecraft:sneak_time":1846,"minecraft:walk_under_water_one_cm":6146,"minecraft:interact_with_blast_furnace":4,"minecraft:total_world_time":337622,"spartanshields:shield_bash_hits":1,"tombstone:raider_killed":8,"minecraft:time_since_rest":21825,"minecraft:damage_taken":7421,"minecraft:damage_absorbed":266,"minecraft:swim_one_cm":19727,"minecraft:fly_one_cm":1104053,"minecraft:open_chest":24,"minecraft:fall_one_cm":200026},"minecraft:crafted":{"sophisticatedbackpacks:backpack":2,"minecraft:crafting_table":2,"minecraft:spruce_planks":3,"minecraft:wooden_pickaxe":1,"call_of_yucutan:wooden_spear":1,"minecraft:stick":28,"minecraft:wooden_sword":2,"minecraft:enchanted_golden_apple":1,"minecraft:iron_axe":1,"quark:spruce_chest":1,"minecraft:dark_oak_planks":6,"sophisticatedbackpacks:iron_backpack":2,"sophisticatedbackpacks:gold_backpack":2,"minecraft:air":56,"minecraft:white_bed":1,"minecraft:acacia_planks":1,"minecraft:torch":2},"minecraft:killed":{"minecraft:cave_spider":8,"born_in_chaos_v1:siamese_skeletonsright":2,"minecraft:skeleton":6,"minecraft:chicken":3,"born_in_chaos_v1:firelight_not_despawn":2,"minecraft:pig":3,"born_in_chaos_v1:diamond_termite":2,"minecraft:creeper":1,"minecraft:sheep":2,"minecraft:pillager":7,"minecraft:zombie":17,"born_in_chaos_v1:dread_hound":2,"ambientadditions:red_river_hog":1,"born_in_chaos_v1:corpse_fly":6,"minecraft:stray":3,"born_in_chaos_v1:siamese_skeletonsleft":2,"minecraft:cow":6,"alexsmobs:raccoon":1,"minecraft:vindicator":1,"born_in_chaos_v1:skeleton_thrasher_not_despawn":1,"born_in_chaos_v1:maggot":5,"minecraft:horse":5,"alexsmobs:bison":1,"mowziesmobs:umvuthana":2,"minecraft:husk":1,"born_in_chaos_v1:swarmer":1,"born_in_chaos_v1:decrepit_skeleton":2,"alexsmobs:emu":2,"alexsmobs:crocodile":3,"alexsmobs:gazelle":1,"alexsmobs:crow":1},"minecraft:broken":{"mowziesmobs:umvuthana_mask_fear":1,"minecraft:chainmail_boots":1,"minecraft:trident":2},"minecraft:picked_up":{"minecraft:wooden_axe":1,"call_of_yucutan:wooden_tecpatl":1,"minecraft:iron_chestplate":1,"minecraft:chainmail_boots":1,"minecraft:anvil":2,"tombstone:tablet_of_home":1,"minecraft:smithing_table":1,"quark:spruce_ladder":1,"minecraft:lead":1,"minecraft:enchanted_book":5,"supplementaries:jar":2,"alexsmobs:gazelle_horn":1,"paraglider:goddess_statue":6,"minecraft:string":48,"minecraft:iron_leggings":5,"alexsmobs:emu_feather":2,"supplementaries:hourglass":1,"minecraft:cobbled_deepslate":34,"minecraft:spruce_planks":8,"minecraft:rose_bush":1,"minecraft:iron_pickaxe":2,"minecraft:stick":5,"apotheosis:gem":4,"minecraft:torch":22,"minecraft:acacia_log":1,"minecraft:porkchop":4,"quark:seed_pouch":1,"tombstone:grave_dust":2,"minecraft:pointed_dripstone":8,"spelunkery:mineomite":1,"minecraft:stone_sword":1,"quark:clear_shard":3,"minecraft:rotten_flesh":34,"create:clipboard":1,"spelunkery:yellow_glowstick":2,"alexsdelight:raw_bison":8,"minecraft:iron_block":6,"minecraft:carved_pumpkin":2,"supplementaries:ash":1,"minecraft:iron_bars":2,"minecraft:cobblestone":4,"minecraft:pink_petals":1,"minecraft:leather_chestplate":1,"minecraft:feather":10,"minecraft:andesite":3,"minecraft:smoker":1,"alexsmobs:bison_fur":2,"paraglider:spirit_orb":16,"minecraft:dirt":3,"lootr:trophy":2,"minecraft:lantern":1,"minecraft:leather_boots":1,"minecraft:bone":4,"minecraft:wheat_seeds":3,"farmersdelight:pumpkin_slice":3,"minecraft:grindstone":3,"minecraft:mossy_stone_bricks":2,"minecraft:oak_planks":9,"biomesoplenty:toadstool":1,"minecraft:stripped_spruce_log":6,"minecraft:dark_oak_log":12,"minecraft:bundle":1,"minecraft:iron_hoe":1,"born_in_chaos_v1:fire_dust":1,"waystones:waystone":4,"iter_rpg:abyssquartz_shard":4,"minecraft:crossbow":1,"minecraft:golden_apple":1,"minecraft:chainmail_helmet":2,"minecraft:bread":71,"minecraft:emerald":1,"minecraft:rooted_dirt":1,"minecraft:jack_o_lantern":2,"irons_spellbooks:uncommon_ink":4,"minecraft:dark_oak_fence":4,"minecraft:charcoal":32,"sophisticatedbackpacks:gold_backpack":6,"minecraft:coarse_dirt":12,"born_in_chaos_v1:diamond_termite_shard":2,"minecraft:crafting_table":2,"minecraft:chicken":2,"minecraft:wooden_pickaxe":1,"spelunkery:conk_fungus":1,"minecraft:shield":2,"minecraft:red_bed":2,"minecraft:iron_axe":4,"create:orange_seat":1,"minecraft:flint_and_steel":2,"supplementaries:statue":1,"minecraft:iron_shovel":1,"dungeonnowloading:spawner_fragment":21,"minecraft:cracked_stone_bricks":1,"quark:spruce_chest":1,"irons_spellbooks:conjurers_talisman":1,"minecraft:beef":7,"upgrade_aquatic:pickerelweed":2,"minecraft:iron_nugget":1,"minecraft:egg":2,"minecraft:dark_oak_sapling":2,"create:hand_crank":1,"minecraft:trident":1,"alexsmobs:crocodile_scute":4,"minecraft:dark_oak_planks":1,"minecraft:tnt":9,"minecraft:arrow":5,"crittersandcompanions:silk":4,"ambientadditions:bark":1,"minecraft:mutton":1,"minecraft:white_wool":7,"minecraft:bone_block":13,"born_in_chaos_v1:fused_bone":4,"born_in_chaos_v1:corpse_maggot":9,"minecraft:salmon":1,"minecraft:leather":16,"spelunkers_charm:old_miners_bundle":2,"minecraft:mushroom_stew":1,"minecraft:chainmail_chestplate":2,"minecraft:gunpowder":4,"minecraft:white_banner":1,"tombstone:gift":1,"minecraft:red_carpet":1,"minecraft:rabbit_hide":2,"minecraft:iron_sword":4,"mowziesmobs:umvuthana_mask_misery":1,"minecraft:book":152,"minecraft:pumpkin":9,"minecraft:dripstone_block":9,"minecraft:blast_furnace":1,"minecraft:white_bed":4,"minecraft:spider_eye":2,"minecraft:leather_helmet":1,"supplementaries:clock_block":1,"minecraft:slime_ball":2,"spelunkery:rough_diamond":3,"minecraft:iron_helmet":1,"mowziesmobs:umvuthana_mask_fear":2,"minecraft:stripped_dark_oak_log":3,"minecraft:ender_pearl":1},"minecraft:dropped":{"alexsdelight:raw_bison":8,"minecraft:rooted_dirt":1,"minecraft:leather_helmet":1,"minecraft:red_carpet":1,"sophisticatedbackpacks:gold_backpack":1,"minecraft:dark_oak_log":5,"alexsmobs:emu_feather":2,"minecraft:bone_block":13,"alexsmobs:animal_dictionary":1,"minecraft:rotten_flesh":12,"minecraft:oak_planks":8,"minecraft:salmon":1,"patchouli:guide_book":1,"minecraft:chainmail_chestplate":2,"minecraft:leather_chestplate":1,"minecraft:gunpowder":2,"born_in_chaos_v1:corpse_maggot":2,"minecraft:leather_boots":1,"apotheosis:gem":3,"farmersdelight:rope":10,"minecraft:bread":72,"minecraft:stripped_spruce_log":3,"minecraft:wheat_seeds":6,"minecraft:feather":8,"minecraft:lead":1,"minecraft:iron_helmet":1,"spelunkers_charm:old_miners_bundle":1,"minecraft:chainmail_helmet":1,"minecraft:stick":9,"minecraft:wooden_axe":1,"minecraft:iron_leggings":2,"minecraft:pumpkin":1,"minecraft:string":34,"minecraft:pink_petals":1,"minecraft:coarse_dirt":12,"irons_spellbooks:uncommon_ink":2,"call_of_yucutan:wooden_tecpatl":1,"minecraft:andesite":3,"minecraft:wooden_pickaxe":2},"minecraft:killed_by":{"minecraft:player":1},"minecraft:mined":{"minecraft:dark_oak_planks":1,"minecraft:waxed_cut_copper_slab":1,"minecraft:spruce_planks":7,"minecraft:white_bed":4,"quark:orange_blossom_leaves":2,"sophisticatedbackpacks:gold_backpack":1,"minecraft:red_nether_bricks":4,"minecraft:orange_wool":1,"minecraft:carved_pumpkin":2,"minecraft:acacia_log":2,"minecraft:grass_block":8,"minecraft:deepslate_bricks":1,"minecraft:spawner":7,"minecraft:magma_block":1,"minecraft:dark_oak_trapdoor":2,"minecraft:cobbled_deepslate":3,"minecraft:fire":1,"minecraft:pumpkin":8,"minecraft:anvil":2,"supplementaries:stick":2,"minecraft:pointed_dripstone":5,"minecraft:dirt_path":1,"minecraft:iron_bars":2,"biomesoplenty:webbing":10,"supplementaries:jar":2,"minecraft:iron_block":6,"minecraft:red_bed":3,"supplementaries:book_pile":3,"minecraft:soul_lantern":1,"minecraft:torch":2,"born_in_chaos_v1:infected_deepslate_diamond_ore":2,"minecraft:blast_furnace":1,"minecraft:calcite":5,"minecraft:poppy":1,"minecraft:nether_brick_slab":1,"minecraft:glass":1,"minecraft:cobblestone":3,"spelunkers_charm:deepslate_geyser":1,"minecraft:grindstone":2,"minecraft:oak_planks":3,"minecraft:wall_torch":7,"lootr:trophy":1,"supplementaries:hourglass":1,"minecraft:tnt":11,"minecraft:yellow_stained_glass_pane":2,"minecraft:grass":20,"minecraft:dirt":1,"minecraft:oak_leaves":5,"minecraft:deepslate":33,"supplementaries:clock_block":1,"biomesoplenty:orange_autumn_leaves":3,"minecraft:red_carpet":1,"minecraft:deepslate_diamond_ore":3,"biomesoplenty:desert_grass":1,"minecraft:dark_oak_log":4,"minecraft:jack_o_lantern":2,"minecraft:glow_lichen":1,"biomesoplenty:bush":1,"minecraft:dark_oak_fence":6,"minecraft:rooted_dirt":1,"minecraft:deepslate_brick_slab":1,"spelunkers_charm:deepslate_rock_pile_2":1,"create:orange_seat":1,"minecraft:bookshelf":56,"crittersandcompanions:silk_cocoon":2,"upgrade_aquatic:tall_pickerelweed":1,"biomesoplenty:spider_egg":2,"spelunkery:yellow_glowstick":2,"minecraft:white_wool":4,"minecraft:smithing_table":1,"supplementaries:statue":1,"minecraft:stripped_dark_oak_log":3,"minecraft:crafting_table":2,"minecraft:cyan_stained_glass_pane":1,"minecraft:rose_bush":1,"minecraft:andesite_slab":1,"spelunkery:conk_fungus":2,"minecraft:tall_grass":2,"minecraft:quartz_bricks":7,"biomesoplenty:sprout":5,"minecraft:diorite":1,"supplementaries:urn":14,"create:mechanical_saw":1,"minecraft:brick_slab":2,"quark:spruce_ladder":1,"minecraft:birch_leaves":1,"minecraft:white_wall_banner":1,"minecraft:mangrove_slab":2,"quark:spruce_chest":1,"minecraft:flower_pot":1,"minecraft:dripstone_block":9,"minecraft:cobweb":8,"biomesoplenty:stringy_cobweb":1,"minecraft:lodestone":1,"minecraft:cracked_stone_bricks":1,"minecraft:mossy_stone_bricks":2,"minecraft:iron_trapdoor":1,"minecraft:fern":1,"paraglider:goddess_statue":6}},"DataVersion":3465}