{"stats":{"minecraft:crafted":{"minecraft:wooden_sword":2,"minecraft:enchanted_golden_apple":1,"minecraft:iron_axe":1,"quark:spruce_chest":1,"minecraft:dark_oak_planks":6,"sophisticatedbackpacks:iron_backpack":2,"sophisticatedbackpacks:backpack":2,"minecraft:crafting_table":2,"minecraft:spruce_planks":3,"minecraft:wooden_pickaxe":1,"sophisticatedbackpacks:gold_backpack":2,"minecraft:air":56,"call_of_yucutan:wooden_spear":1,"minecraft:stick":28,"minecraft:white_bed":1,"minecraft:acacia_planks":1,"minecraft:torch":2},"minecraft:killed_by":{"minecraft:player":1},"minecraft:dropped":{"minecraft:stripped_spruce_log":3,"minecraft:wheat_seeds":6,"alexsdelight:raw_bison":8,"minecraft:feather":8,"minecraft:lead":1,"minecraft:iron_helmet":1,"minecraft:rooted_dirt":1,"spelunkers_charm:old_miners_bundle":1,"minecraft:leather_helmet":1,"minecraft:stick":9,"sophisticatedbackpacks:gold_backpack":1,"minecraft:dark_oak_log":5,"minecraft:wooden_axe":1,"alexsmobs:emu_feather":2,"minecraft:pumpkin":1,"minecraft:iron_leggings":2,"minecraft:bone_block":13,"minecraft:string":6,"minecraft:pink_petals":1,"minecraft:coarse_dirt":12,"alexsmobs:animal_dictionary":1,"irons_spellbooks:uncommon_ink":2,"minecraft:rotten_flesh":12,"minecraft:oak_planks":8,"minecraft:salmon":1,"minecraft:chainmail_chestplate":2,"patchouli:guide_book":1,"minecraft:leather_chestplate":1,"minecraft:gunpowder":2,"call_of_yucutan:wooden_tecpatl":1,"minecraft:andesite":3,"minecraft:leather_boots":1,"apotheosis:gem":3,"farmersdelight:rope":10,"minecraft:wooden_pickaxe":2,"minecraft:bread":8},"minecraft:custom":{"lootr:looted_stat":182,"minecraft:mob_kills":80,"minecraft:interact_with_crafting_table":38,"minecraft:open_barrel":52,"minecraft:bell_ring":1,"minecraft:damage_dealt_resisted":253,"minecraft:leave_game":7,"minecraft:time_since_death":17280,"minecraft:climb_one_cm":31914,"minecraft:damage_resisted":262,"minecraft:sprint_one_cm":483125,"minecraft:walk_one_cm":855571,"minecraft:damage_blocked_by_shield":92,"minecraft:drop":55,"minecraft:talked_to_villager":3,"minecraft:play_time":293255,"minecraft:deaths":3,"minecraft:sneak_time":1813,"minecraft:walk_under_water_one_cm":5417,"tombstone:tomb_raiding":1,"minecraft:jump":5650,"minecraft:interact_with_blast_furnace":2,"minecraft:walk_on_water_one_cm":32137,"minecraft:total_world_time":293255,"minecraft:interact_with_furnace":4,"spartanshields:shield_bash_hits":1,"tombstone:raider_killed":8,"minecraft:traded_with_villager":1,"minecraft:sleep_in_bed":7,"minecraft:time_since_rest":16194,"minecraft:waystone_activated":1,"minecraft:damage_taken":6202,"minecraft:damage_absorbed":109,"minecraft:damage_dealt":13935,"minecraft:swim_one_cm":14239,"minecraft:fly_one_cm":914119,"minecraft:player_kills":1,"minecraft:open_chest":24,"minecraft:crouch_one_cm":2051,"tombstone:undead_killed":23,"minecraft:fall_one_cm":176663,"minecraft:horse_one_cm":1661},"minecraft:mined":{"minecraft:dark_oak_planks":1,"minecraft:waxed_cut_copper_slab":1,"biomesoplenty:orange_autumn_leaves":3,"minecraft:spruce_planks":7,"minecraft:white_bed":3,"quark:orange_blossom_leaves":2,"minecraft:deepslate_diamond_ore":3,"biomesoplenty:bush":1,"minecraft:dark_oak_log":4,"minecraft:red_nether_bricks":4,"minecraft:jack_o_lantern":2,"minecraft:orange_wool":1,"minecraft:carved_pumpkin":2,"minecraft:glow_lichen":1,"minecraft:dark_oak_fence":6,"minecraft:acacia_log":2,"minecraft:grass_block":8,"minecraft:deepslate_bricks":1,"minecraft:rooted_dirt":1,"minecraft:spawner":2,"minecraft:deepslate_brick_slab":1,"minecraft:magma_block":1,"minecraft:dark_oak_trapdoor":2,"minecraft:fire":1,"minecraft:cobbled_deepslate":3,"minecraft:pumpkin":8,"spelunkers_charm:deepslate_rock_pile_2":1,"minecraft:anvil":1,"create:orange_seat":1,"minecraft:bookshelf":53,"supplementaries:stick":2,"minecraft:pointed_dripstone":5,"minecraft:dirt_path":1,"biomesoplenty:webbing":10,"upgrade_aquatic:tall_pickerelweed":1,"crittersandcompanions:silk_cocoon":2,"supplementaries:jar":1,"biomesoplenty:spider_egg":2,"minecraft:white_wool":4,"spelunkery:yellow_glowstick":2,"supplementaries:statue":1,"minecraft:red_bed":3,"supplementaries:book_pile":3,"minecraft:stripped_dark_oak_log":3,"minecraft:soul_lantern":1,"minecraft:crafting_table":2,"born_in_chaos_v1:infected_deepslate_diamond_ore":2,"minecraft:torch":2,"minecraft:cyan_stained_glass_pane":1,"minecraft:blast_furnace":1,"minecraft:calcite":5,"minecraft:poppy":1,"minecraft:rose_bush":1,"spelunkery:conk_fungus":1,"minecraft:andesite_slab":1,"minecraft:nether_brick_slab":1,"minecraft:glass":1,"minecraft:tall_grass":1,"minecraft:cobblestone":3,"spelunkers_charm:deepslate_geyser":1,"minecraft:quartz_bricks":7,"biomesoplenty:sprout":5,"minecraft:grindstone":1,"minecraft:oak_planks":3,"minecraft:diorite":1,"minecraft:wall_torch":4,"supplementaries:urn":13,"create:mechanical_saw":1,"minecraft:brick_slab":2,"lootr:trophy":1,"quark:spruce_ladder":1,"minecraft:tnt":11,"minecraft:white_wall_banner":1,"minecraft:yellow_stained_glass_pane":2,"minecraft:grass":17,"minecraft:mangrove_slab":2,"quark:spruce_chest":1,"minecraft:flower_pot":1,"minecraft:dripstone_block":9,"minecraft:dirt":1,"minecraft:cobweb":8,"biomesoplenty:stringy_cobweb":1,"minecraft:lodestone":1,"minecraft:cracked_stone_bricks":1,"minecraft:oak_leaves":3,"minecraft:mossy_stone_bricks":2,"minecraft:iron_trapdoor":1,"minecraft:deepslate":33,"supplementaries:clock_block":1,"minecraft:fern":1},"minecraft:used":{"minecraft:trident":459,"minecraft:jack_o_lantern":1,"spelunkery:yellow_glowstick":2,"minecraft:shield":1,"minecraft:iron_sword":89,"call_of_yucutan:wooden_spear":32,"lootr:trophy":1,"minecraft:stick":2,"minecraft:torch":16,"minecraft:anvil":1,"minecraft:carrot":6,"minecraft:glass":1,"minecraft:dark_oak_planks":1,"call_of_yucutan:wooden_tecpatl":12,"minecraft:iron_axe":78,"tombstone:gift":8,"minecraft:egg":1,"minecraft:pumpkin":2,"minecraft:baked_potato":1,"minecraft:ender_pearl":2,"minecraft:wooden_pickaxe":1,"farmersdelight:pumpkin_slice":7,"minecraft:crafting_table":3,"minecraft:red_bed":1,"minecraft:crossbow":17,"minecraft:white_bed":3,"spelunkery:mineomite":2,"farmersdelight:minced_beef":1,"tombstone:bag_of_seeds":2,"minecraft:bread":121,"minecraft:iron_pickaxe":134,"minecraft:enchanted_book":5,"minecraft:wooden_sword":10,"quark:spruce_ladder":1,"minecraft:cobblestone":2,"alexsmobs:animal_dictionary":1},"minecraft:broken":{"mowziesmobs:umvuthana_mask_fear":1,"minecraft:trident":2},"minecraft:picked_up":{"call_of_yucutan:wooden_tecpatl":1,"sophisticatedbackpacks:gold_backpack":2,"minecraft:crafting_table":2,"born_in_chaos_v1:diamond_termite_shard":2,"minecraft:coarse_dirt":12,"minecraft:chicken":2,"minecraft:chainmail_boots":1,"minecraft:anvil":1,"quark:spruce_ladder":1,"minecraft:lead":1,"minecraft:wooden_pickaxe":1,"minecraft:enchanted_book":5,"spelunkery:conk_fungus":1,"minecraft:shield":1,"supplementaries:jar":1,"alexsmobs:gazelle_horn":1,"minecraft:string":16,"minecraft:red_bed":2,"minecraft:iron_axe":3,"create:orange_seat":1,"minecraft:flint_and_steel":2,"minecraft:iron_leggings":4,"supplementaries:statue":1,"minecraft:iron_shovel":1,"dungeonnowloading:spawner_fragment":5,"minecraft:cracked_stone_bricks":1,"quark:spruce_chest":1,"alexsmobs:emu_feather":2,"minecraft:cobbled_deepslate":34,"minecraft:spruce_planks":8,"minecraft:beef":7,"minecraft:rose_bush":1,"upgrade_aquatic:pickerelweed":2,"minecraft:iron_nugget":1,"minecraft:iron_pickaxe":1,"minecraft:egg":2,"minecraft:dark_oak_sapling":2,"minecraft:stick":4,"apotheosis:gem":4,"minecraft:torch":16,"minecraft:acacia_log":1,"minecraft:porkchop":4,"minecraft:pointed_dripstone":8,"create:hand_crank":1,"alexsmobs:crocodile_scute":4,"spelunkery:mineomite":1,"quark:clear_shard":3,"minecraft:dark_oak_planks":1,"minecraft:stone_sword":1,"minecraft:tnt":9,"minecraft:arrow":3,"minecraft:rotten_flesh":27,"create:clipboard":1,"spelunkery:yellow_glowstick":2,"crittersandcompanions:silk":4,"minecraft:carved_pumpkin":2,"alexsdelight:raw_bison":8,"ambientadditions:bark":1,"minecraft:mutton":1,"minecraft:bone_block":13,"minecraft:cobblestone":4,"minecraft:white_wool":7,"born_in_chaos_v1:fused_bone":4,"born_in_chaos_v1:corpse_maggot":6,"minecraft:pink_petals":1,"minecraft:leather_chestplate":1,"minecraft:feather":10,"minecraft:andesite":3,"minecraft:salmon":1,"minecraft:leather":16,"minecraft:smoker":1,"alexsmobs:bison_fur":2,"spelunkers_charm:old_miners_bundle":2,"paraglider:spirit_orb":6,"minecraft:mushroom_stew":1,"minecraft:chainmail_chestplate":2,"minecraft:gunpowder":4,"minecraft:white_banner":1,"tombstone:gift":1,"minecraft:dirt":3,"lootr:trophy":2,"minecraft:leather_boots":1,"minecraft:bone":4,"minecraft:wheat_seeds":2,"farmersdelight:pumpkin_slice":3,"minecraft:rabbit_hide":2,"minecraft:grindstone":2,"minecraft:mossy_stone_bricks":2,"mowziesmobs:umvuthana_mask_misery":1,"minecraft:oak_planks":9,"minecraft:iron_sword":2,"minecraft:book":143,"biomesoplenty:toadstool":1,"minecraft:pumpkin":9,"minecraft:dripstone_block":9,"minecraft:stripped_spruce_log":6,"minecraft:blast_furnace":1,"minecraft:white_bed":3,"minecraft:dark_oak_log":12,"minecraft:spider_eye":1,"minecraft:leather_helmet":1,"supplementaries:clock_block":1,"minecraft:bundle":1,"minecraft:iron_hoe":1,"minecraft:slime_ball":2,"born_in_chaos_v1:fire_dust":1,"waystones:waystone":4,"spelunkery:rough_diamond":3,"iter_rpg:abyssquartz_shard":4,"minecraft:iron_helmet":1,"minecraft:golden_apple":1,"minecraft:emerald":1,"mowziesmobs:umvuthana_mask_fear":2,"minecraft:rooted_dirt":1,"minecraft:jack_o_lantern":2,"minecraft:dark_oak_fence":4,"irons_spellbooks:uncommon_ink":4,"minecraft:stripped_dark_oak_log":3,"minecraft:wooden_axe":1,"minecraft:ender_pearl":1},"minecraft:killed":{"minecraft:cave_spider":1,"alexsmobs:raccoon":1,"minecraft:vindicator":1,"born_in_chaos_v1:siamese_skeletonsright":2,"born_in_chaos_v1:maggot":4,"minecraft:horse":5,"minecraft:skeleton":6,"minecraft:chicken":3,"alexsmobs:bison":1,"born_in_chaos_v1:firelight_not_despawn":1,"mowziesmobs:umvuthana":2,"minecraft:husk":1,"minecraft:pig":3,"born_in_chaos_v1:diamond_termite":2,"born_in_chaos_v1:swarmer":1,"minecraft:creeper":1,"born_in_chaos_v1:decrepit_skeleton":2,"alexsmobs:emu":2,"minecraft:sheep":2,"minecraft:pillager":7,"alexsmobs:crocodile":2,"minecraft:zombie":9,"born_in_chaos_v1:dread_hound":2,"ambientadditions:red_river_hog":1,"born_in_chaos_v1:corpse_fly":6,"alexsmobs:gazelle":1,"alexsmobs:crow":1,"born_in_chaos_v1:siamese_skeletonsleft":2,"minecraft:cow":6}},"DataVersion":3465}