{"stats":{"minecraft:killed":{"minecraft:cave_spider":1,"alexsmobs:raccoon":1,"born_in_chaos_v1:maggot":1,"minecraft:horse":5,"minecraft:skeleton":1,"minecraft:chicken":1,"alexsmobs:bison":1,"minecraft:pig":1,"born_in_chaos_v1:diamond_termite":2,"born_in_chaos_v1:decrepit_skeleton":1,"alexsmobs:emu":2,"minecraft:sheep":2,"minecraft:zombie":8,"born_in_chaos_v1:dread_hound":2},"minecraft:killed_by":{"minecraft:player":1},"minecraft:used":{"minecraft:trident":162,"minecraft:jack_o_lantern":1,"spelunkery:yellow_glowstick":2,"minecraft:iron_sword":32,"call_of_yucutan:wooden_spear":32,"minecraft:stick":2,"minecraft:torch":12,"minecraft:anvil":1,"minecraft:carrot":2,"minecraft:dark_oak_planks":1,"call_of_yucutan:wooden_tecpatl":12,"minecraft:iron_axe":32,"tombstone:gift":2,"minecraft:egg":1,"minecraft:pumpkin":2,"minecraft:wooden_pickaxe":1,"farmersdelight:pumpkin_slice":7,"minecraft:crafting_table":1,"minecraft:red_bed":1,"spelunkery:mineomite":2,"farmersdelight:minced_beef":1,"minecraft:bread":47,"minecraft:iron_pickaxe":86,"minecraft:enchanted_book":5,"minecraft:wooden_sword":10,"minecraft:cobblestone":2,"alexsmobs:animal_dictionary":1},"minecraft:crafted":{"minecraft:wooden_sword":2,"quark:spruce_chest":1,"minecraft:dark_oak_planks":4,"sophisticatedbackpacks:backpack":1,"minecraft:crafting_table":1,"minecraft:spruce_planks":3,"minecraft:wooden_pickaxe":1,"minecraft:air":39,"call_of_yucutan:wooden_spear":1,"minecraft:stick":28,"minecraft:torch":2},"minecraft:picked_up":{"minecraft:wooden_axe":1,"call_of_yucutan:wooden_tecpatl":1,"minecraft:crafting_table":1,"minecraft:coarse_dirt":12,"born_in_chaos_v1:diamond_termite_shard":2,"minecraft:wooden_pickaxe":1,"minecraft:enchanted_book":5,"minecraft:string":8,"minecraft:red_bed":2,"minecraft:iron_leggings":1,"quark:spruce_chest":1,"alexsmobs:emu_feather":2,"minecraft:cobbled_deepslate":34,"minecraft:egg":1,"minecraft:dark_oak_sapling":2,"minecraft:stick":3,"apotheosis:gem":2,"minecraft:torch":12,"minecraft:pointed_dripstone":8,"spelunkery:mineomite":1,"minecraft:dark_oak_planks":1,"minecraft:rotten_flesh":12,"spelunkery:yellow_glowstick":2,"alexsdelight:raw_bison":8,"minecraft:carved_pumpkin":2,"minecraft:white_wool":4,"minecraft:bone_block":13,"minecraft:cobblestone":2,"minecraft:pink_petals":1,"minecraft:leather_chestplate":1,"minecraft:feather":8,"minecraft:andesite":3,"minecraft:salmon":1,"minecraft:leather":7,"spelunkers_charm:old_miners_bundle":2,"alexsmobs:bison_fur":2,"paraglider:spirit_orb":2,"minecraft:gunpowder":2,"minecraft:leather_boots":1,"farmersdelight:pumpkin_slice":3,"minecraft:mossy_stone_bricks":2,"minecraft:oak_planks":7,"minecraft:book":143,"biomesoplenty:toadstool":1,"minecraft:pumpkin":9,"minecraft:dripstone_block":9,"minecraft:stripped_spruce_log":6,"minecraft:dark_oak_log":12,"minecraft:spider_eye":1,"minecraft:leather_helmet":1,"spelunkery:rough_diamond":3,"iter_rpg:abyssquartz_shard":2,"minecraft:iron_helmet":1,"minecraft:golden_apple":1,"minecraft:jack_o_lantern":2,"irons_spellbooks:uncommon_ink":4,"minecraft:stripped_dark_oak_log":1},"minecraft:dropped":{"minecraft:stripped_spruce_log":3,"minecraft:wheat_seeds":6,"alexsdelight:raw_bison":8,"minecraft:feather":8,"minecraft:iron_helmet":1,"minecraft:leather_helmet":1,"minecraft:stick":9,"minecraft:dark_oak_log":5,"minecraft:wooden_axe":1,"alexsmobs:emu_feather":2,"minecraft:pumpkin":1,"minecraft:bone_block":13,"minecraft:pink_petals":1,"minecraft:coarse_dirt":12,"alexsmobs:animal_dictionary":1,"irons_spellbooks:uncommon_ink":2,"minecraft:rotten_flesh":12,"minecraft:oak_planks":8,"patchouli:guide_book":1,"minecraft:leather_chestplate":1,"minecraft:gunpowder":2,"call_of_yucutan:wooden_tecpatl":1,"minecraft:andesite":3,"minecraft:leather_boots":1,"apotheosis:gem":3,"farmersdelight:rope":10,"minecraft:wooden_pickaxe":2},"minecraft:mined":{"minecraft:dark_oak_planks":1,"biomesoplenty:orange_autumn_leaves":3,"minecraft:deepslate_diamond_ore":3,"minecraft:dark_oak_log":4,"minecraft:jack_o_lantern":2,"minecraft:carved_pumpkin":2,"minecraft:glow_lichen":1,"minecraft:grass_block":5,"minecraft:deepslate_bricks":1,"minecraft:spawner":1,"minecraft:deepslate_brick_slab":1,"minecraft:magma_block":1,"minecraft:cobbled_deepslate":3,"minecraft:pumpkin":8,"spelunkers_charm:deepslate_rock_pile_2":1,"minecraft:bookshelf":50,"minecraft:pointed_dripstone":5,"supplementaries:stick":2,"biomesoplenty:webbing":10,"biomesoplenty:spider_egg":2,"minecraft:white_wool":1,"spelunkery:yellow_glowstick":2,"minecraft:red_bed":2,"supplementaries:book_pile":3,"minecraft:stripped_dark_oak_log":1,"minecraft:soul_lantern":1,"minecraft:crafting_table":1,"minecraft:torch":1,"born_in_chaos_v1:infected_deepslate_diamond_ore":2,"minecraft:cobblestone":3,"spelunkers_charm:deepslate_geyser":1,"biomesoplenty:sprout":5,"minecraft:oak_planks":1,"minecraft:wall_torch":1,"supplementaries:urn":11,"minecraft:yellow_stained_glass_pane":2,"minecraft:grass":5,"quark:spruce_chest":1,"minecraft:dripstone_block":9,"minecraft:dirt":1,"biomesoplenty:stringy_cobweb":1,"minecraft:lodestone":1,"minecraft:cobweb":8,"minecraft:mossy_stone_bricks":2,"minecraft:deepslate":33,"minecraft:fern":1},"minecraft:custom":{"lootr:looted_stat":63,"minecraft:mob_kills":30,"minecraft:interact_with_crafting_table":19,"minecraft:open_barrel":1,"minecraft:bell_ring":1,"minecraft:damage_dealt_resisted":0,"minecraft:leave_game":5,"minecraft:time_since_death":115057,"minecraft:climb_one_cm":20440,"minecraft:damage_resisted":142,"minecraft:sprint_one_cm":177607,"minecraft:walk_one_cm":297061,"minecraft:drop":44,"minecraft:play_time":118136,"minecraft:deaths":1,"minecraft:sneak_time":953,"minecraft:walk_under_water_one_cm":2809,"tombstone:tomb_raiding":1,"minecraft:jump":2400,"minecraft:walk_on_water_one_cm":9951,"minecraft:total_world_time":118136,"minecraft:sleep_in_bed":2,"minecraft:time_since_rest":69072,"minecraft:waystone_activated":1,"minecraft:damage_taken":2702,"minecraft:damage_absorbed":70,"minecraft:damage_dealt":6382,"minecraft:swim_one_cm":2281,"minecraft:fly_one_cm":258715,"minecraft:player_kills":1,"minecraft:open_chest":15,"minecraft:crouch_one_cm":713,"tombstone:undead_killed":10,"minecraft:fall_one_cm":76671}},"DataVersion":3465}