{"stats":{"minecraft:crafted":{"minecraft:wooden_sword":2,"minecraft:enchanted_golden_apple":1,"minecraft:iron_axe":1,"quark:spruce_chest":1,"minecraft:dark_oak_planks":6,"sophisticatedbackpacks:iron_backpack":2,"sophisticatedbackpacks:backpack":2,"minecraft:crafting_table":2,"minecraft:spruce_planks":3,"minecraft:wooden_pickaxe":1,"sophisticatedbackpacks:gold_backpack":2,"minecraft:air":56,"call_of_yucutan:wooden_spear":1,"minecraft:stick":28,"minecraft:white_bed":1,"minecraft:acacia_planks":1,"minecraft:torch":2},"minecraft:killed_by":{"minecraft:player":1},"minecraft:dropped":{"minecraft:stripped_spruce_log":3,"minecraft:wheat_seeds":6,"alexsdelight:raw_bison":8,"minecraft:feather":8,"minecraft:lead":1,"minecraft:iron_helmet":1,"minecraft:rooted_dirt":1,"spelunkers_charm:old_miners_bundle":1,"minecraft:leather_helmet":1,"minecraft:stick":9,"sophisticatedbackpacks:gold_backpack":1,"minecraft:dark_oak_log":5,"minecraft:wooden_axe":1,"alexsmobs:emu_feather":2,"minecraft:pumpkin":1,"minecraft:iron_leggings":2,"minecraft:bone_block":13,"minecraft:string":6,"minecraft:pink_petals":1,"minecraft:coarse_dirt":12,"alexsmobs:animal_dictionary":1,"irons_spellbooks:uncommon_ink":2,"minecraft:rotten_flesh":12,"minecraft:oak_planks":8,"minecraft:salmon":1,"minecraft:chainmail_chestplate":2,"patchouli:guide_book":1,"minecraft:leather_chestplate":1,"minecraft:gunpowder":2,"call_of_yucutan:wooden_tecpatl":1,"minecraft:andesite":3,"minecraft:leather_boots":1,"apotheosis:gem":3,"farmersdelight:rope":10,"minecraft:wooden_pickaxe":2,"minecraft:bread":8},"minecraft:custom":{"lootr:looted_stat":159,"minecraft:mob_kills":55,"minecraft:interact_with_crafting_table":36,"minecraft:open_barrel":36,"minecraft:bell_ring":1,"minecraft:damage_dealt_resisted":0,"minecraft:leave_game":7,"minecraft:time_since_death":15023,"minecraft:climb_one_cm":25813,"minecraft:damage_resisted":243,"minecraft:sprint_one_cm":355405,"minecraft:walk_one_cm":694719,"minecraft:damage_blocked_by_shield":92,"minecraft:drop":55,"minecraft:talked_to_villager":3,"minecraft:play_time":215255,"minecraft:deaths":2,"minecraft:sneak_time":1509,"minecraft:walk_under_water_one_cm":3168,"tombstone:tomb_raiding":1,"minecraft:jump":4052,"minecraft:walk_on_water_one_cm":19446,"minecraft:total_world_time":215255,"spartanshields:shield_bash_hits":1,"tombstone:raider_killed":8,"minecraft:traded_with_villager":1,"minecraft:sleep_in_bed":5,"minecraft:time_since_rest":5947,"minecraft:waystone_activated":1,"minecraft:damage_taken":5391,"minecraft:damage_absorbed":70,"minecraft:damage_dealt":10479,"minecraft:swim_one_cm":6871,"minecraft:fly_one_cm":581026,"minecraft:player_kills":1,"minecraft:open_chest":20,"minecraft:crouch_one_cm":1764,"tombstone:undead_killed":16,"minecraft:fall_one_cm":122927,"minecraft:horse_one_cm":1661},"minecraft:mined":{"minecraft:dark_oak_planks":1,"minecraft:waxed_cut_copper_slab":1,"biomesoplenty:orange_autumn_leaves":3,"minecraft:spruce_planks":3,"minecraft:white_bed":1,"quark:orange_blossom_leaves":2,"minecraft:deepslate_diamond_ore":3,"minecraft:dark_oak_log":4,"minecraft:red_nether_bricks":4,"minecraft:jack_o_lantern":2,"minecraft:orange_wool":1,"minecraft:carved_pumpkin":2,"minecraft:glow_lichen":1,"minecraft:dark_oak_fence":6,"minecraft:acacia_log":2,"minecraft:grass_block":6,"minecraft:deepslate_bricks":1,"minecraft:rooted_dirt":1,"minecraft:spawner":1,"minecraft:deepslate_brick_slab":1,"minecraft:magma_block":1,"minecraft:dark_oak_trapdoor":2,"minecraft:cobbled_deepslate":3,"minecraft:pumpkin":8,"spelunkers_charm:deepslate_rock_pile_2":1,"minecraft:anvil":1,"create:orange_seat":1,"minecraft:bookshelf":53,"supplementaries:stick":2,"minecraft:pointed_dripstone":5,"minecraft:dirt_path":1,"biomesoplenty:webbing":10,"crittersandcompanions:silk_cocoon":2,"biomesoplenty:spider_egg":2,"minecraft:white_wool":4,"spelunkery:yellow_glowstick":2,"supplementaries:statue":1,"minecraft:red_bed":3,"supplementaries:book_pile":3,"minecraft:stripped_dark_oak_log":3,"minecraft:soul_lantern":1,"minecraft:crafting_table":2,"born_in_chaos_v1:infected_deepslate_diamond_ore":2,"minecraft:torch":1,"minecraft:cyan_stained_glass_pane":1,"minecraft:calcite":5,"minecraft:poppy":1,"minecraft:andesite_slab":1,"minecraft:nether_brick_slab":1,"minecraft:tall_grass":1,"minecraft:cobblestone":3,"spelunkers_charm:deepslate_geyser":1,"minecraft:quartz_bricks":7,"biomesoplenty:sprout":5,"minecraft:grindstone":1,"minecraft:oak_planks":1,"minecraft:diorite":1,"minecraft:wall_torch":4,"supplementaries:urn":12,"create:mechanical_saw":1,"minecraft:brick_slab":2,"lootr:trophy":1,"minecraft:tnt":5,"minecraft:yellow_stained_glass_pane":2,"minecraft:grass":12,"minecraft:mangrove_slab":2,"quark:spruce_chest":1,"minecraft:flower_pot":1,"minecraft:dripstone_block":9,"minecraft:dirt":1,"minecraft:cobweb":8,"biomesoplenty:stringy_cobweb":1,"minecraft:lodestone":1,"minecraft:mossy_stone_bricks":2,"minecraft:iron_trapdoor":1,"minecraft:deepslate":33,"supplementaries:clock_block":1,"minecraft:fern":1},"minecraft:used":{"minecraft:trident":262,"minecraft:jack_o_lantern":1,"spelunkery:yellow_glowstick":2,"minecraft:shield":1,"minecraft:iron_sword":69,"call_of_yucutan:wooden_spear":32,"lootr:trophy":1,"minecraft:stick":2,"minecraft:torch":14,"minecraft:anvil":1,"minecraft:carrot":6,"minecraft:dark_oak_planks":1,"call_of_yucutan:wooden_tecpatl":12,"minecraft:iron_axe":53,"tombstone:gift":8,"minecraft:egg":1,"minecraft:pumpkin":2,"minecraft:baked_potato":1,"minecraft:ender_pearl":2,"minecraft:wooden_pickaxe":1,"farmersdelight:pumpkin_slice":7,"minecraft:crafting_table":3,"minecraft:red_bed":1,"minecraft:crossbow":8,"minecraft:white_bed":1,"spelunkery:mineomite":2,"farmersdelight:minced_beef":1,"tombstone:bag_of_seeds":2,"minecraft:bread":99,"minecraft:iron_pickaxe":128,"minecraft:enchanted_book":5,"minecraft:wooden_sword":10,"minecraft:cobblestone":2,"alexsmobs:animal_dictionary":1},"minecraft:broken":{"mowziesmobs:umvuthana_mask_fear":1,"minecraft:trident":1},"minecraft:picked_up":{"call_of_yucutan:wooden_tecpatl":1,"sophisticatedbackpacks:gold_backpack":2,"minecraft:crafting_table":2,"born_in_chaos_v1:diamond_termite_shard":2,"minecraft:coarse_dirt":12,"minecraft:chainmail_boots":1,"minecraft:anvil":1,"minecraft:lead":1,"minecraft:wooden_pickaxe":1,"minecraft:enchanted_book":5,"minecraft:shield":1,"alexsmobs:gazelle_horn":1,"minecraft:string":16,"minecraft:red_bed":2,"minecraft:iron_axe":3,"create:orange_seat":1,"minecraft:flint_and_steel":2,"minecraft:iron_leggings":3,"supplementaries:statue":1,"minecraft:iron_shovel":1,"quark:spruce_chest":1,"alexsmobs:emu_feather":2,"minecraft:cobbled_deepslate":34,"minecraft:spruce_planks":4,"minecraft:beef":7,"minecraft:iron_nugget":1,"minecraft:iron_pickaxe":1,"minecraft:egg":1,"minecraft:dark_oak_sapling":2,"minecraft:stick":4,"apotheosis:gem":3,"minecraft:torch":15,"minecraft:acacia_log":1,"minecraft:porkchop":2,"minecraft:pointed_dripstone":8,"create:hand_crank":1,"spelunkery:mineomite":1,"minecraft:dark_oak_planks":1,"minecraft:tnt":4,"minecraft:arrow":3,"minecraft:rotten_flesh":23,"create:clipboard":1,"spelunkery:yellow_glowstick":2,"crittersandcompanions:silk":4,"minecraft:carved_pumpkin":2,"alexsdelight:raw_bison":8,"minecraft:mutton":1,"minecraft:bone_block":13,"minecraft:cobblestone":4,"minecraft:white_wool":7,"minecraft:pink_petals":1,"minecraft:leather_chestplate":1,"minecraft:feather":8,"minecraft:andesite":3,"minecraft:salmon":1,"minecraft:leather":16,"minecraft:smoker":1,"alexsmobs:bison_fur":2,"spelunkers_charm:old_miners_bundle":2,"paraglider:spirit_orb":2,"minecraft:mushroom_stew":1,"minecraft:chainmail_chestplate":2,"minecraft:gunpowder":2,"tombstone:gift":1,"minecraft:dirt":1,"lootr:trophy":2,"minecraft:leather_boots":1,"minecraft:bone":2,"farmersdelight:pumpkin_slice":3,"minecraft:rabbit_hide":2,"minecraft:grindstone":2,"minecraft:mossy_stone_bricks":2,"mowziesmobs:umvuthana_mask_misery":1,"minecraft:oak_planks":7,"minecraft:iron_sword":2,"minecraft:book":143,"biomesoplenty:toadstool":1,"minecraft:pumpkin":9,"minecraft:dripstone_block":9,"minecraft:stripped_spruce_log":6,"minecraft:white_bed":1,"minecraft:dark_oak_log":12,"minecraft:spider_eye":1,"minecraft:leather_helmet":1,"supplementaries:clock_block":1,"minecraft:bundle":1,"minecraft:iron_hoe":1,"waystones:waystone":4,"spelunkery:rough_diamond":3,"iter_rpg:abyssquartz_shard":2,"minecraft:iron_helmet":1,"minecraft:golden_apple":1,"minecraft:emerald":1,"mowziesmobs:umvuthana_mask_fear":2,"minecraft:rooted_dirt":1,"minecraft:jack_o_lantern":2,"minecraft:dark_oak_fence":4,"irons_spellbooks:uncommon_ink":4,"minecraft:stripped_dark_oak_log":3,"minecraft:wooden_axe":1,"minecraft:ender_pearl":1},"minecraft:killed":{"minecraft:cave_spider":1,"alexsmobs:raccoon":1,"minecraft:vindicator":1,"born_in_chaos_v1:maggot":1,"minecraft:horse":5,"minecraft:skeleton":5,"minecraft:chicken":1,"alexsmobs:bison":1,"mowziesmobs:umvuthana":2,"minecraft:pig":1,"born_in_chaos_v1:diamond_termite":2,"born_in_chaos_v1:decrepit_skeleton":2,"alexsmobs:emu":2,"minecraft:sheep":2,"minecraft:pillager":7,"minecraft:zombie":9,"born_in_chaos_v1:dread_hound":2,"ambientadditions:red_river_hog":1,"alexsmobs:gazelle":1,"minecraft:cow":6}},"DataVersion":3465}