{"stats":{"minecraft:killed":{"minecraft:cave_spider":1,"alexsmobs:raccoon":1,"born_in_chaos_v1:maggot":1,"minecraft:horse":5,"minecraft:skeleton":5,"minecraft:chicken":1,"alexsmobs:bison":1,"mowziesmobs:umvuthana":2,"minecraft:pig":1,"born_in_chaos_v1:diamond_termite":2,"born_in_chaos_v1:decrepit_skeleton":2,"alexsmobs:emu":2,"minecraft:sheep":2,"minecraft:pillager":4,"minecraft:zombie":9,"born_in_chaos_v1:dread_hound":2,"minecraft:cow":3},"minecraft:killed_by":{"minecraft:player":1},"minecraft:used":{"minecraft:trident":219,"minecraft:jack_o_lantern":1,"spelunkery:yellow_glowstick":2,"minecraft:iron_sword":49,"call_of_yucutan:wooden_spear":32,"minecraft:stick":2,"minecraft:torch":13,"minecraft:anvil":1,"minecraft:carrot":6,"minecraft:dark_oak_planks":1,"call_of_yucutan:wooden_tecpatl":12,"minecraft:iron_axe":32,"tombstone:gift":2,"minecraft:egg":1,"minecraft:pumpkin":2,"minecraft:baked_potato":1,"minecraft:wooden_pickaxe":1,"farmersdelight:pumpkin_slice":7,"minecraft:crafting_table":2,"minecraft:red_bed":1,"spelunkery:mineomite":2,"farmersdelight:minced_beef":1,"minecraft:bread":65,"minecraft:iron_pickaxe":105,"minecraft:enchanted_book":5,"minecraft:wooden_sword":10,"minecraft:cobblestone":2,"alexsmobs:animal_dictionary":1},"minecraft:crafted":{"minecraft:wooden_sword":2,"quark:spruce_chest":1,"minecraft:dark_oak_planks":4,"sophisticatedbackpacks:iron_backpack":1,"sophisticatedbackpacks:backpack":2,"minecraft:crafting_table":2,"minecraft:spruce_planks":3,"minecraft:wooden_pickaxe":1,"sophisticatedbackpacks:gold_backpack":1,"minecraft:air":45,"call_of_yucutan:wooden_spear":1,"minecraft:stick":28,"minecraft:acacia_planks":1,"minecraft:torch":2},"minecraft:picked_up":{"minecraft:wooden_axe":1,"call_of_yucutan:wooden_tecpatl":1,"minecraft:crafting_table":2,"minecraft:coarse_dirt":12,"born_in_chaos_v1:diamond_termite_shard":2,"minecraft:anvil":1,"minecraft:lead":1,"minecraft:wooden_pickaxe":1,"minecraft:enchanted_book":5,"minecraft:string":10,"minecraft:red_bed":2,"minecraft:iron_leggings":2,"quark:spruce_chest":1,"alexsmobs:emu_feather":2,"minecraft:cobbled_deepslate":34,"minecraft:egg":1,"minecraft:dark_oak_sapling":2,"minecraft:stick":4,"apotheosis:gem":2,"minecraft:torch":14,"minecraft:acacia_log":1,"minecraft:pointed_dripstone":8,"spelunkery:mineomite":1,"minecraft:dark_oak_planks":1,"minecraft:arrow":3,"minecraft:rotten_flesh":16,"spelunkery:yellow_glowstick":2,"alexsdelight:raw_bison":8,"minecraft:carved_pumpkin":2,"minecraft:white_wool":4,"minecraft:bone_block":13,"minecraft:cobblestone":2,"minecraft:pink_petals":1,"minecraft:leather_chestplate":1,"minecraft:feather":8,"minecraft:andesite":3,"minecraft:salmon":1,"minecraft:leather":13,"minecraft:smoker":1,"spelunkers_charm:old_miners_bundle":2,"alexsmobs:bison_fur":2,"paraglider:spirit_orb":2,"minecraft:gunpowder":2,"minecraft:dirt":1,"minecraft:leather_boots":1,"minecraft:bone":2,"farmersdelight:pumpkin_slice":3,"minecraft:mossy_stone_bricks":2,"mowziesmobs:umvuthana_mask_misery":1,"minecraft:oak_planks":7,"minecraft:book":143,"biomesoplenty:toadstool":1,"minecraft:pumpkin":9,"minecraft:dripstone_block":9,"minecraft:stripped_spruce_log":6,"minecraft:dark_oak_log":12,"minecraft:spider_eye":1,"minecraft:leather_helmet":1,"spelunkery:rough_diamond":3,"iter_rpg:abyssquartz_shard":2,"minecraft:iron_helmet":1,"minecraft:golden_apple":1,"mowziesmobs:umvuthana_mask_fear":1,"minecraft:jack_o_lantern":2,"irons_spellbooks:uncommon_ink":4,"minecraft:stripped_dark_oak_log":1,"sophisticatedbackpacks:gold_backpack":1},"minecraft:dropped":{"minecraft:bread":8,"minecraft:stripped_spruce_log":3,"minecraft:wheat_seeds":6,"alexsdelight:raw_bison":8,"minecraft:feather":8,"minecraft:iron_helmet":1,"minecraft:lead":1,"spelunkers_charm:old_miners_bundle":1,"minecraft:leather_helmet":1,"sophisticatedbackpacks:gold_backpack":1,"minecraft:stick":9,"minecraft:dark_oak_log":5,"minecraft:wooden_axe":1,"minecraft:iron_leggings":2,"alexsmobs:emu_feather":2,"minecraft:pumpkin":1,"minecraft:bone_block":13,"minecraft:pink_petals":1,"minecraft:coarse_dirt":12,"alexsmobs:animal_dictionary":1,"irons_spellbooks:uncommon_ink":2,"minecraft:rotten_flesh":12,"minecraft:oak_planks":8,"minecraft:salmon":1,"patchouli:guide_book":1,"minecraft:leather_chestplate":1,"minecraft:gunpowder":2,"call_of_yucutan:wooden_tecpatl":1,"minecraft:andesite":3,"minecraft:leather_boots":1,"apotheosis:gem":3,"farmersdelight:rope":10,"minecraft:wooden_pickaxe":2},"minecraft:mined":{"minecraft:dark_oak_planks":1,"biomesoplenty:orange_autumn_leaves":3,"minecraft:spruce_planks":1,"minecraft:deepslate_diamond_ore":3,"minecraft:dark_oak_log":4,"minecraft:jack_o_lantern":2,"minecraft:orange_wool":1,"minecraft:carved_pumpkin":2,"minecraft:glow_lichen":1,"minecraft:acacia_log":2,"minecraft:grass_block":6,"minecraft:deepslate_bricks":1,"minecraft:spawner":1,"minecraft:deepslate_brick_slab":1,"minecraft:magma_block":1,"minecraft:cobbled_deepslate":3,"minecraft:pumpkin":8,"spelunkers_charm:deepslate_rock_pile_2":1,"minecraft:anvil":1,"minecraft:dirt_path":1,"minecraft:bookshelf":53,"minecraft:pointed_dripstone":5,"supplementaries:stick":2,"biomesoplenty:webbing":10,"biomesoplenty:spider_egg":2,"minecraft:white_wool":1,"spelunkery:yellow_glowstick":2,"minecraft:red_bed":3,"supplementaries:book_pile":3,"minecraft:stripped_dark_oak_log":1,"minecraft:soul_lantern":1,"minecraft:crafting_table":2,"minecraft:torch":1,"born_in_chaos_v1:infected_deepslate_diamond_ore":2,"minecraft:cyan_stained_glass_pane":1,"minecraft:andesite_slab":1,"minecraft:cobblestone":3,"minecraft:quartz_bricks":7,"spelunkers_charm:deepslate_geyser":1,"biomesoplenty:sprout":5,"minecraft:oak_planks":1,"minecraft:wall_torch":3,"supplementaries:urn":11,"minecraft:brick_slab":2,"minecraft:tnt":2,"minecraft:yellow_stained_glass_pane":2,"minecraft:grass":10,"minecraft:flower_pot":1,"quark:spruce_chest":1,"minecraft:dripstone_block":9,"minecraft:dirt":1,"biomesoplenty:stringy_cobweb":1,"minecraft:lodestone":1,"minecraft:cobweb":8,"minecraft:mossy_stone_bricks":2,"minecraft:iron_trapdoor":1,"minecraft:deepslate":33,"minecraft:fern":1},"minecraft:custom":{"lootr:looted_stat":96,"minecraft:mob_kills":45,"minecraft:interact_with_crafting_table":26,"minecraft:open_barrel":9,"minecraft:bell_ring":1,"minecraft:damage_dealt_resisted":0,"minecraft:leave_game":5,"minecraft:time_since_death":151057,"minecraft:climb_one_cm":22966,"minecraft:damage_resisted":199,"minecraft:sprint_one_cm":264700,"minecraft:walk_one_cm":450621,"minecraft:drop":51,"minecraft:talked_to_villager":1,"minecraft:play_time":154136,"minecraft:deaths":1,"minecraft:sneak_time":1002,"minecraft:walk_under_water_one_cm":2871,"tombstone:tomb_raiding":1,"minecraft:jump":3168,"minecraft:walk_on_water_one_cm":13847,"minecraft:total_world_time":154136,"tombstone:raider_killed":4,"minecraft:sleep_in_bed":4,"minecraft:time_since_rest":5957,"minecraft:waystone_activated":1,"minecraft:damage_taken":3650,"minecraft:damage_absorbed":70,"minecraft:damage_dealt":8545,"minecraft:swim_one_cm":3063,"minecraft:fly_one_cm":415959,"minecraft:player_kills":1,"minecraft:open_chest":19,"minecraft:crouch_one_cm":781,"tombstone:undead_killed":16,"minecraft:fall_one_cm":95633,"minecraft:horse_one_cm":1661}},"DataVersion":3465}